,리뷰
0,이사온지 3주되었습니다. 단지내 공원도 맘에 들고 여유가 느껴지는 단지입니다.
1,"얼마전 31평형 이사와서 질 살고 있습니다. 
이제 곧 더워질거 같아 에어컨을 사려고 하는데요. 
17평용 에어컨 2 in1(거실 스탠드1, 안방 벽걸이1)생각하고 있습니다. 적당할까요? 
경험공유 부탁드려요."
2,"동네가 조용하고 단지내 산책로가 맘에 들어요~
정자역도 가까운 편이라서 이동도 용이합니다"
3,주차난은 없는지 궁금합니다. 이중주차를 하기도 하나요?
4,지저분한 새 둥지가 있는 나무를 밑둥까지 베어버리는 청결한 아파트입니다. 새똥으로 힘들어할까봐 둥지도 다 날려버려서 뷰가 좋네요
5,"이사온지 얼마 안됐는데 살기 정말 좋네요 단지 산책로 예쁘고 장보기도 좋아요 역가까운거야 다 아실거구요 단하나 구축이라는게 단점이었는데 수리하고 들어오니 장점밖에 없네요 신축도 살아봤지만 지금 집이 백배천배 좋아요 
걷는거 싫어하던 제가 동네 걷는 재미에 빠졌네요 ㅎㅎ"
6,15년을 살았는데 모든것들이 살기좋아요 끝까지 살고싶은 동네입니다
7,"위치가 너무좋지만 오래된 아파트의 단점 ㅠ 
배관냄새/우풍/주차문제"
8,모드 동에 엘리베이터는 교체된건가요?
9,57평 22.9억 신고가 축하합니다!!!*^^*
10,"정자역 학원 학교 가깝고 인프라 훌륭하네요~
복작거리지 않으면서 있을 건 넘치도록 있어 신기합니다~
아이들 초중 전학했는데 학교 분위기 너~무 좋다고 합니다~
새아파트 살다와서 구축 생활에 대한 두려움이 컸는데
인테리어 하고 들어오니 오히려 더 만족스럽네요~
탄천에서 강아지랑 산책 하며 힐링할 수 있고~ 
분당서울대 병원도 가까워서 든든합니다~
각종 호재와 변화의 움직임이 가득해서~
오래오래 살고 싶어요~"
11,"스세권, 케세권, 버세권입니다.
(스타벅스, 버거킹, KFC)"
12,"탑층 어떤가요? 춥거나 덥거나, 무슨 기계음 들리거나 그런거 혹시 있나요?"
13,입주예정인 사람인데요  혹시 단지내 지하주차장에 전기차용 충전기가 있을까요? 있다면 운영상황은? (너무 대기가 많다던지...)
14,오래된 단지이긴 하지만 단지와 위치가 좋아 실거주 후기가 궁금합니다!
15,"재개발 이슈가 몰리면서 더 꽉쥐고 있어야하는 곳이 아닌가합니다. 결국엔 입지일테니... 
여기서산지 3년정도 되어가는데 1층 출입문 가끔 안열리는것;; 빼고는(요즘은 비번 입력으로 해결되긴 했죠) 만족스럽게 잘 살고 있습니다 :)"
16,십수년째 거주중입니다 지금까지 만족도 높게 살아왔고 앞으로도 그럴것이라 이사계획따윈 없네요ㅎㅎ 그냥 이웃분들 반갑고 무슨 말씀 하시나 궁금해서요
17,"주차자리도 있는데 대놓고 이중주차하는 특히 324동 앞에 아반떼, 스파크 하.. 진짜 개념..어디두고 사는지  참나..본인만 편하면 된다 이건가?"
18,단지관리는 잘되나 아파트가 오래되어 그런지 층간소음이 너무 심합니다..
19,25년 산 친정집 지금 저는 서울나와 살지만 분당 특히 정자동 만한 입지가 없네요 탄천에 바로앞 큰 산책로등. 구축인거 빼곤 다 좋아요.특히나 아이 생기고 초등학교 입학즈음 되면 다시 돌아가려 합니다
20,앞에산책길이 너무좋아요 역이랑 탄천도가깝고 살기최고
21,여름엔 시원하고 겨울에 따뜻한 곳입니다
22,단지가 넓고 마트 및 지하철역이 가까워서 좋음
23,베란다가 넓게빠져 확장만해도 26평 거실도 넓어지더라구요 ㅎㅎ매우 만족합니다.ㅎㅎㅎ 조명까지 하고나니까 만족감이 넘쳐나네요 ㅎㅎ 이제 커튼 주문한것만 달면 드디어 인테리어 졸업입니다~~
24,"인테리어 해보니 새집 부럽지 않아요^^
교통 너무 좋은 상록우성 넘 기대대요^^"
25,이번달에 이사하는데요. 늦게 퇴근하면 주차가 많이 어려운가요?
26,"교통, 인프라 경기도 최고 입지입니다
오래된 아파트라서 불편함은 좀 있어요
주차, 수도 등등"
27,"마트, 지하철 가깝고 아이 키우기 아주 좋아요"
28,노후된 아파트이지만 교통이 좋아서 살기 좋아요
29,다른분들 녹물 안나오나요? 저희집은 녹물이(필터 색이 금방변함) 나오는듯 한데 수도관 교체한지도 오래 돼서 일까요?
30,상가에서 혼다 끌고 깝치는 아저씨 누구에요?
31,건물은 오래됐지만 산책로가 잘 닦여 있습니다! 조용하고 걸어서 정자역 가기도 편해요
32,"26평에 곧 이사갈 사람입니다.
다름이 아니라 부엌옆 베란다에 엘지 드럼세탁기(21kg, 가로 약 70cm)  설치 가능할까요?
샷시가 튀어나와서 사이즈가 71cm 정도 되긴한거 같은데 뭔가 애매해 보여서 걱정입니다. 

추가로 미니워시가 있는데 이것도 설치하고 싶은데 수도꼭지가 걸릴거 같은데 궁금합니다. 미리 감사합니다."
33,"1층 벌레 많이 나와요 .. 평생 볼 벌레 종류란 종류는 다본듯
아랫층 층간소음 스트레스는 없다는 최대 장점때문에 참고 살아요"
34,"산책할수있는 공원과 합리적 가격의 단지 내 마트, 역에서 가깝고 버스정류장도 바로 앞이고 너무좋아요"
35,몇십년째 사는데 단지 내 조경시설이나 나무도 많고 너무 살기 좋음~!
36,상록우성 주차도 분당내 단지와 비교하면 편하고 정자역이랑도 가깝고 탄천도 가깝고 저는 너무너무 마음에 들어요 분당대장입니다!!
37,"분당에서만 이곳저곳 이사하며 25년 넘게 살았는데,
손꼽히는 주변 인프라입니다!!
단지가 크다보니 정문/후문간 거리가 조금 되서 불편하다는 분들도 있으신데.. 세살배기 애들도 별 무리없이 왔다갔다 할만한 거리라 전혀 불편없습니다!!"
38,"아파트 가운데 산책길이 너무 예쁘고 분당에서도 대규모 단지에 큰평수도가 많아서 구축인데 주차 스트레스도 적어요
정말 살기 좋은 동네에요 정자역이랑도 가깝고"
39,구축에 비해 주차 편하고 정자역까지 나무 우거진 산책길은 정말 최고예요~^^
40,상록마을 46평이 왜 라이프 46평보다 낮은지 궁금합니다
41,"버거킹, KFC랑 스타벅스가 가까이 있어요!"
42,엘베 공사가 계속 진행중인지라 소음이 많네요. 소음 많은 날은 미리 알려주시면 좋겠어요(온 가족이 재택중인지라 ㅠ)
43,엘베 교체 완료
44,"아이 키우기 좋아요~ 단지 커서 놀이터도 많고 학교 유치원 가깝고 근처에 학원도 많아요~ 단지 내 산책로도 좋구요.
대단지라 관리비도 적게 나오고 주차도 오래된 아파트 치고 양호합니다. 얼마 전에 엘베 수리도 다 했구요. 
단점은 오래되었다는 거지요 하지만 그건 분당의 장점을 누리려면 어쩔수 없는 부분이라 감수합니다."
45,모든게.갖춰진 곳입니다. 실거주에 최고입니다.
46,초등학교가 옆에 있어 아기키우기 좋아요
47,"이사 생각중인데요 혹시 전기차 충전기 한대도 없는건가요?
설치 논의같은건 오가고 있나요"
48,20년 넘게 살았는데 매우 만족했습니다.
49,"역시 정자동 최고의 인프라 랄까요?
다른곳으로 가려고 알아보다가, 병원 학원 지하철 은행 등등 없는게 없어서 다시 눌러앉았습니다"
50,32평 남향 (역에서 가장 먼 동) 16.95억 어제 거래되었다는군요. 실거래가 반영 기다려집니다.
51,"단지 내 산책로도 좋지만, 주변 산책로도 참 좋다."
52,혹시 26평 라인 후문쪽에는 편의점이나 마트 들어올 계획이 없을까요? ㅜㅜ 정동마트가 생각보다 머네요
53,"26평 거주하시는분들께 요청드립니다.
세탁기와 건조기 세로로 설치 가능할까요?
제품은 삼성 그랑데 설치하려고하며, 설치 가능 공간은 가로 70cm / 세로 1m 입니다.
가로는 될꺼 같은데요,

세탁기 자리 깊이가 가스계량기부터해서 1미터가 될까요?
아니면 가스계량기를 철거하거나 옮기면 1미터 될까요?
거주하시는분의 도움 부탁드립니다.
감사합니다."
54,26평 15.45억 거래 소식이 있네요.
55,오래된 단지인데도 주차난이 심하지 않아요. 살기 좋습니다.
56,"교통, 학군 뭐 하나 빠질 것 없고 조용하고 좋아요"
57,"안녕하세요 26평형 12월 입주예정입니다. 
인테리어 여쭙고자 이렇게 글을 써요~!
예산때문에 주방확장을 안할 예정인데, 냉장고 자리가 마땅하지않은것같아서요. 
1. 혹시 베란다에 냉장고 두고 쓰시는분 있을까요? 
고민중인 위치로 사진 올립니다.
(어차피 워시타워올릴거라 원래 세탁기자리는 불가능할것같아 그냥 죽은공간치려고합니다..)
2. ES인테리어에서 해보신분 계실까요..어떤가요"
58,"26평 2호라인과 3호라인은 발코니 창고 벽면이 서로 붙어있는데, 여기 화재시 뚫고 건너갈 수 있는 나무벽(?)인가요?
아니면 콘크리트로 되어있나요?"
59,"여기 리모나재건축 진행사항은 어떨까요?
혹시 진행된바있딘면 22,23평 투자시 몇평으로 바뀔까요?"
60,"지하철 버스 모두타기 수월하고
정동마트 신선품도싸구좋아요

필립발리스포츠센터 사우나수영골프필라테스
자주이용하기편해요~
반찬가게들도 맛나요~"
61,"엘레베이터 교체공사로 엘레베이터가 넓고 에어컨나오는 완전 새거입니다. 
1분거리 병원 은행 상가 스벅 완벽 구비입니다. 
정자역 카페거리까지 걸어서 다닐 수 있다는점이 좋네요."
62,"1995년 처음 입주때 부터 시작해서 현재까지 살고 있습니다.
분당 정자동 대장주 아파트로 분당에서는 워낙 유명한 아파트입니다. 다른 아파트에서 살아본 경험이 없어서 비교를 할수는 없는점 감안해 주세요.
교통은 신분당선, 분당선 2개역을 끼고 있고, 버스노선도 서울, 경기 직행버스가 많아서 강남까지는 30분이면 너끈히 도착하고, 서울도심까지도 1시간내로 도착가능합니다.
교육환경은 신기초, 정자중이 단지내에 있고, 한솔고도 도보로 5분거리라 학교다니기에는 이 이상 편할수는 없죠.
저희 아이들 모두 이 학교를 졸업했거나 다니고 있어요.
학원가도 탄천 넘어에 밀집해 있고, 대형 스포츠센터, 마트등이 모두 단지내에 있거나 인접해 있어요.
무엇보다도 바로 단지 옆에 탄천을 끼고 있어서 반려동물과산책, 가벼운 운동등을 하기에 좋습니다.
25년살면서 이 정도 인프라와 주거 쾌적성을 가진곳이 얼마나 될까 싶기도 합니다.
단지 지어진지 20년 중반을 훌쩍 넘어가고 있어서 전반적으로 노후가 되어있다는 점이 단점이겠지요."
63,"7년 넘게 살면서 아파트 가장 외진 곳이 흡연 장소로 쓰이는 걸 봤는데 어느날부터 쓰레기통을 치우더니 이런 멋진 문구가 부착되었네요. 

몇몇 사람의 요청만으로 바로 흡연금지로 만들고 순식간에 금연 아파트로 변신하는 걸 보니까 참 살기 좋은 곳이라는 걸 확인했네요. 

입주자 공청회나 설명회같은 절차 없이 결정된 걸 보니까 대의민주주의에 따라 입주자 대표회에서 결정한 사항일 수도 있겠네요. 쾌적한 아파트를 만들기 위한 노력에 다시 한번 박수 보냅니다."
64,"주차는 어떤가요? 많이 부족한가요?
이중주차하나요?"
65,일단 위치는 넘사벽. 전세로 살고 있지만 위치 시설모두 최고다. 지금이야 너무 비싸지고..그래서 이사를 생각하고 있지만언젠가는 꼭 돌아올꺼야
66,"느티마을 이주 시기에 신기초 정자중 많이 뒤숭숭할까요? 이사 생각하는데 반 아이들이 많이 빠져나가면 학습분위기가 안 좋아질까 걱정이 되네요  지금도 수내동 대비 인원이 적은 편이던데요 

느티마을 한솔5단지 이주가 상록우성 학군에 어떤 영향을 줄런지요  앞으로 당연히 좋아지겠지만 저희 아이들은 앞으로 4~6년 뒤면 성인이되니지라... 이사후 학교 친구 관계도 걱정이 됩니다"
67,"방 베란다 내력벽 철거한 집이 보이는것 같은데 
이런건 어디에 신고해야하나요?"
68,조용하고 녹지있고 살기 너무 좋은 곳
69,역이랑도 가깝고 조용하고 너무 좋습니다
70,"유년을보낸 아파트인데, 다시 입성하고싶습니다. 교통,인프라,학군 빠지는것이없죠!"
71,"26평에 이사가면서 인테리어 알아보고 있습니다.
살고 계신분들께 2가지 질문있습니다.

1. 발코니 확장하려고 하는데요, 실내 샷시 양옆에 내력벽인가요? 아니면 적조벽인가요?
즉, 실내벽 모두 철거하여 확장 가능한가요?

2. 주방쪽 발코니(뒷베란다) 세탁기 놓는자리 가로,세로 길이 알 수 있을까요?
세탁기랑 건조기 세트로 위로 올려서 사용하려고 합니다.
제가 구매할 제품이 들어갈지 궁금해서요.

거주하고 계신분들의 답변 기다리겠습니다.
감사합니다."
72,"리모델링을 해야해서요 우성상가  단지내에 있는
감각디자인 어떤가요?"
73,"세월이 만든 단지내 조경 + 산책로
따로 공원 안가도 되죠~"
74,"가운데 길이 여름에 우거진 숲 느낌이라 좋습니다. 
다만 그 보행자 전용 도로 사이로 하루 종일 수시로 배달 오토바이(무조건 금지 구역입니다만)와 온갖 킥보드 킥라니들이 종횡무진 달리고 있어서 어린 아이나 노약자에게는 위협이 된 순간을 여러번 봤습니다. 

당연히 경찰 단속이 불가능하다면 무언가 통행을 제지할 수 있는 대형 화분이라던지 이동식 조형물같은 게 있지 않는 한 보행 약자들에게는 위험할 수도 있는 곳입니다."
75,산책로
76,신분당선과 광역버스 잘 되어있어서 서울 강남 종로 출퇴근하기 편하고 유치원 초중 모두 가까워서 애들 키우기 넘 좋습니다!
77,"신분당선과 분당선 더블역세권
탄천 접근성도 매우 높고 아파트 관리도 잘되고 있어 만족도가 높습니다:)"
78,"오래되어 낡긴했지만, 입지나 접근성을 생각하면 분당인근에 이만한 곳은 없죠."
79,혹시… 엘베 교체완료된 동 계시면 사진 올려주실수있나용?? 궁금해서요!!
80,정자역 주변을 한눈에 볼 수 있는 사진입니다^^
81,"새로 싹 고치니 내부는 신축 안 부럽네요 ㅎㅎ
주차장이 연결 안되어있는게 아쉬운 것 빼고는 사는데 너무 좋아요
탑층인데 단열 잘했더니 여름에 더운 줄 몰랐고 층간소음 없이 절간 같습니다 ㅎㅎ

단지 장점: 지하철역 가까움, 분리수거 매일 가능, 엘베 새로 바꿈, 녹음 많음, 탄천 산책 가능, 초품아 중품아, 광역버스 많음, 단지 조용함

단지 단점: (인테리어 새로 한다는 가정 하에) 주차장 연결 안됨, 늦은 밤에 오면 주차 자리 부족할 수 있음, 주변에 편의점 없음ㅠㅠ(후문 근처면 진짜 멀어요..)"
82,"살기 좋은데 여름에 매미 송충이 벌레가 많아요
여름에 특히 주방 하수구에서 냄새가 올라옵니다
방음 잘 돼요!"
83,"신고가 행진이네요.
정부가 세금 뜯어가려고 작정해서... 걱정입니다"
84,"이곳에서 유치원, 초등,중등,고등 마치고 대학까지,단지내 학교 모두 도보로 가능 하여 안전하게 등하교하고 주변 환경도 너무 좋아서 너무 감사한마음이죠.정자동 학원가도 넘 좋구요. 대치동은 필요시 선택해서 다니기도 편하구요.맞벌이라 정자역 신분당선 있어 서울 출퇴근하기도 편하고,떠나고 싶지않은 곳이죠~^^"
85,"깨끗하고 정돈 아늑한 느낌의 동네로
실거주에 강추 입니다."
86,정자역에서 너무 가깝고 주변환경도 너무 좋아요!
87,"교통, 환경, 미래가치 어떤것 하나 빠지는것없는 곳!아직 저평가입니다"
88,"26평 현재 거주중인데요
간단한 인테리어는 완료해서 살고 있지만,
배란다 확장 공사(현재 확장은 아무것도 안했습니다) + 추가적으로 공사를 통해 화장실 1개(기존 화장실 유) 까지 만들 수가 있을까요?

혹시 이런 인테리어를 하신 거주자분도 계실까요!"
89,정자역과 가까워서 좋아요 단지도 조용합니다
90,교통 좋고 주변 상권도 괜찮고 살기좋음
91,"구축이라 평수에 상관 없이 부엌이 좁기는 합니다만, 고치고 살면 괜찮습니다. 제가 너무 늙기 전에 신축으로 변모했으면 합니다.

좋은 점 : 단지 내 삼림이 울창합니다. 공기의 질 (서울 강남에 비교), 엠코헤리츠 상가 (점점 힙 해지는중) & 정자동 카페거리 접근성, 탄천 접근성, 옛아파트라서 정겨움, 대중교통 이용, 주변 동네 인프라 자차 이동 용이 (판교 현백, 죽전 신세계, 성복 롯데몰, 광교 호수공원, 백운호수, 과천 인프라), KT가 근처에 있어 꾸준히 유지되는 동네 상권, 주택가 맛집 (효X식X, 감자탕, 닭갈비, 수제버거, 냉면, 치킨집, 고깃집)

불편한 부분: 주차장 연결, 주차간격, 지하주차장 공간, 가끔 하수구 냄새, 흡연 구역, 외부 자전거 보관, 매미 소리, 잦은 이사 차량 방문, 실외기를 베란다 내부에 놓아야함. 층간 소음, 낮은 실내 층고, 구식 놀이터 (모래), 단지내 커뮤니티 부재 (but 단지 바로 옆 사설 스포츠센터 이용 가능), 단지내 오르막 길 (but, 건강에 좋음), 신축 가끔 부러움."
92,"대단지로 정자역 가깝고, 정문과 후문(정자역)쪽에 버스 노선 많습니다.
단지내 초등, 중등 있으며 길건너 바로 고등 있습니다.
90년대에 지어진 오래된 아파트이지만 관리 잘되어 있습니다.
인근에 학원, 병원등 모두 가까이 있어 살기 편합니다."
93,"단지 조용하고 초,중학교가 단지내에 있어  아이들의 안전한 통학로가 보장되어 있습니다.
대중교통도 지하철,버스 다 편리하구요
다만 지은지가 오래되어 입주 시 리모델링은 선택이 아닌 필수이며 다행인건 배관, 외벽 페인트, 엘리베이터 순으로 공사가 이루어졌습니다.
전반적으로 입지가 좋고 조용한 단지입니다."
94,"단지가 크고 정자역과 가까워 교통편리, 탄천 및 초중학교 밀접하여 애들키우기 좋음"
95,30년 가까이 살고있지만 다른곳으로 가기싫을정도의 편한 주거환경입니다. 평생을 여기 살고싶어요
96,제 투자포폴 중 최고의 선택이네여 매수한지 얼마 안되어 엄청 올랐어여 전세살며 전세돌리는중인데 언제 들어갈 수 있을런지~~^^ 그간 구축은 세만 돌리고 준신축만 살아와서 살짝 걱정되긴 해여 사시는 분들 어떤지 궁금하네여~ 애기 고학년되면 들어갈까 하는데 학원 등은 잘 되어있나여?
97,"22평 혹시 세탁기건조기세트(세로로놓는것)
들어가나요?"
98,20년 가까이 살았지만 교통도 좋고 좋은 단지입니다!
99,"단지 내에 초,중학교 있고 유치원도 있어요.
여름에 시원해서 에어컨 잘 안 틀어요"
100,"탄천이  단지 앞에 있어 걷기 좋고, 단지안에는 푸른숲길이 있어서 언제든지 산책하기 좋다.  아파트가 오래되어 층간소음 걱정을 했는데 이웃을 잘만난것인지 오히려 너무 조용하다.  정동마트와 홈플러스 자연드림이 도보 5~7분 거리에 있고 이마트는 차량으로 5분이내여서 편리하다. 남향에다가 동간거리가 넓어서 밝고 환기가 잘 된다. 얼마전에는 에레베이터 교체공사가 끝났다. 단점은 지하주차장에서 집으로 바로 연결되지 않는다는 것."
101,6학년 초에 전학가게되면 정자중학교 배정은 어려울까요?  그다음은 어디로 많이 가는지 궁금합니다.
102,조용하고 깨끗하고 구축인 점만 빼면 단점 없어요
103,위치가 매우 좋고 조용합니다. 엘레베이터도 교체하고 저희집은 리모델링을 안해서 옛날집 느낌이 있지만 리모델링 하게되면 단점이 없습니다.
104,아파트앞 탄천에서 캠핑도 하네요..^^
105,동네도 조용하고 아파트도 좋아요~~!!!
106,"장점 : 정자역 가까움, 똘똘한한채, 초등학교 중학교있음 
단점 : 언덕이 심한편, 주차공간협소, 작은평형 동에는 경비원 미배치되어 조경관리 및 청소 등이 상대적으로 소홀한느낌,"
107,"역이 가까워서 너무 좋고
정자동 까페거리, 관공서 은행, 탄천 모두 도보권에 있어서
매우 편리합니다"
108,"[정자동 상록마을 우성아파트 솔직 후기]

✔ 거주 기간: 1994년도~2021년
✔ 거주 단지: 우성아파트 306동 8층에 약 7~8년 거주 / 우성아파트 319동에 약 20년째 거주중

우성아파트는 제가 분당에 이사와서 34년 평생 중 약 8년을 제외한 나머지를 살아온 곳입니다. 물론 지금은 구축이지만 구축치고 정말 상태가 좋습니다. 물론 수리를 한번도 안 하고 산 집의 상태는 더러 최악인 곳도 있습니다. 그럼 지금부터 제가 살고있는 집의 장단점을 나열해보겠습니다.

<장점>
1. 319동은 정남향입니다. 환기와 채광이 엄청 우수하고 집에 곰팡이 핀 곳이 한 군데도 없습니다. 물론 이건 주인 성향상 청소와 환기를 잘 시켜줘야 가능한 부분이기 떄문에 집by집 입니다.

2. 주차 공간이 넓습니다. 우성아파트 단지 내 다른 동은 주차대란인 곳도 있지만 319동은 주차난이 전혀 없습니다. 지하주차장을 319동 혼자 쓰기 때문에 공간이 늘 여유롭습니다. (이중 주차 X)

3. 역이 가깝습니다. 정자역 분당선과 신분당선 모두 3-400m 정도밖에 안 떨어져있어서 역까지 도보 6~7분입니다. 물론 분당을 지나는 모든 버스가 정자역을 거의 거치기 때문에 버스정류장과도 가깝습니다. 집에서 길을 나서서 한남동까지 약 30분이면 갑니다.

4. 층간 소음이 적습니다. (이건 저희집 한정일 수 있습니다.) 319동은 평수가 넓은 동입니다. 그래서 신혼부부보다는 노부부가 많이 거주하고 있습니다. 그래서 가끔 주말에 손자들이 놀러왔을 때를 제외하곤 층간 소음이 거의 없습니다.

5. 탄천이 가깝고 주변에 공원길이 있습니다. 319동 오른쪽에는 탄천이, 왼쪽에는 공원길이 있습니다. 무엇보다 주변 소음이 적고 엄청 조용합니다. 날씨가 좋을 때는 탄천 잔디밭에 나가 돗자리를 깔고 음악을 들으며 맥주를 한 잔 마시는 재미도 쏠쏠합니다. 저녁을 먹고 배가 부르면 공원길에 나가 20분 정도 걷다보면 ""정자동이 정말 좋은 곳이구나""를 깨닫게 됩니다.

<단점>
1. 단지 내 쓰레기 처리장이 노후합니다. 요즘은 그다지 좋은 아파트가 아닌 곳도 쓰레기 처리장은 깔끔합니다. 그런데 우성아파트 319동 단지 앞에 있는 쓰레기 처리장은 솔직히 너무 노후화되었습니다. 음식물 쓰레기통도 요즘에는 발로 밟아서 여는 곳이 많은데 여기는 아직도 더러운 통을 손으로 만져야 합니다.

2. 엘레베이터가 너무 작습니다. 그런데 현재 우성아파트 단지 전체 승강기 교체 작업이 이루어지고 있습니다. (한달동안 계단을 이용하는 수모를 겪고 있습니다 ㅠㅠ) 6월 10일부터는 지금보다는 더 커진 엘레베이터를 사용할 수 있다고 하니 이건 좀 더 지켜봐야겠습니다.

3. 천장이나 화장실의 단차(?)가 맞지 않는 부분이 있습니다. 1년 전에 저희 집을 올수리했는데 천장에 석고판(?)이 너무 낡아서 도배를 깔끔하게 하려면 큰돈을 들여 석고판을 갈아야 한다고 했습니다. 이런 부분은 아파트의 노후화로 일어나는 현상이므로 아파트 자체의 리모델링이 필요한 부분이라고 생각됩니다. 화장실도 마찬가지로 타일을 깔려면 바닥이 평평해야 하는데, 구축이기 때문에 완전 100% 평평하지가 않습니다. 이런 부분에서 구축의 단점이 조금 보입니다.

------------------------------------------

???? 2n년을 거주한 사람의 솔직한 후기입니다. 우성아파트 319동은 제가 20년을 거주하면서 단점을 거의 느끼지 못했던 최고의 아파트입니다. 이제 저는 독립을 하게 돼서 다른 곳으로 이사를 가야하기에 너무 섭섭합니다. 그만큼 좋은 곳입니다. 정자동 구축 아파트 중에 우성아파트 319동만큼 좋은 동은 없을 것 같다는 생각이 듭니다.

???? 319동 올수리한 아파트 반전세(월세)를 생각하고 계신 분은 아래 연락처로 연락 부탁 드립니다! (정자공인중개사  ***-****-**** )"
109,"동 현관 비밀번호를 택배 기사님들에게는 공유하고 
주민들은 카드키를 사용하게 하는 것인지 이해가 안되요."
110,아파트앞 놀이터에 오랜만에 아이들이 많아 활기차 보여서  좋네요~
111,"탑층(15층)은 발코니 천장이 좀 높아보이는데요, 발코니확장하면서 이곳에 시스템에어컨 설치 가능할까요?
혹시 시스템에어컨 설치하신분 있나요?
또한 안방이나 작은방들에도 시스템에어컨 설치가 가능할까요?"
112,역도 가깝고 아이들 학원다니기 좋아요~
113,관리비명세서에 대표회의 운영비 명목으로 금액이 찍혀있던데 왜 이리 많은 비용을 쓰는걸까요? 무슨 회의를 얼마나 하길래 세내수도 많은 아파드에서... 입주민들의 돈이 투명하게 사용되는지 궁금하네요
114,"혹시 상록우성 오픈채팅방은 없나요?? 
다른단지들은 있는데 상록우성은 찾아봐도 안나오네요 ㅠ"
115,"분당선/신분당선 역세권, 강남/광화문 광역버스 등 서울 접근성이 매우 좋고, 근처 탄천 산책로 등 여유를 즐기기 좋은 조건이에요."
116,날씨 좋은 봄날..
117,대형평수 저평가 구간인거같네요 27평 14억 6천 거래됐는데 47평 호가 18억이라니.....
118,이천구년...그리고 맘 졸이던 이천십이년...왠지 그때 느낌이..이천십삼년부터 이천십오년이 최악이었던...지금이 최상인듯
119,"장점은 많이 나와있으니
단점을 적어보면

하수구 냄새가 많이 올라옵니다
아무래도 오래되서 그런지 배수쪽을 새로 바꾸지 않으면 냄새가 많이 나더군요"
120,"신축만 살아서 좀 겁이 났었는데 막상 인테리어 싸악 하고 들어오니 만족도는 높습니다.  학원 최고 수준으로 밀집되어 있고, 맛집 정말 많고, 초 중학교가 단지에 있어서 정말 안심됩다만  무엇보다도 정자역에서 제일 가깝고 탄천이 집앞이라는 점은 정말  큰 장점이 아닌가 합니다. 그리고 넓은 평수라 그런지 주차는 밤 12시여도 문제는 없네요. (작은 평수 쪽은 좀 비지하다고 듣긴 했습니다.) 그리고 주민들이 뭔가 안정감이 있어요 아둥바둥 살지 않는 느낌(?) 근데 이건 좀 더 살아봐여 확실해질것 같습니다. 단점은 확장시 내력벽 때문에 디자인 고민을 많이 해야한다는 점, 지하주차장 연결이 안된 점, 구축이라 외벽은 좀 올드해 보이는 점 등이 있을 것 같아요."
121,"살기 너무 좋음
층간 소음도 잘 못느끼고 
집도 남향이라 채광이 엄청 좋음"
122,밤에 탄천 ..
123,승강기 교체공사 시작!
124,여기 왜 갑자기 3억이나 올랐나요??
125,"단지가 크고 관리가 비교적 잘되고 있음
주차는 보통 매일 분리수거 가능해 편해요"
126,"정말 살기 좋은 동네! 초등학교, 중학교, 고등학교 모두 가까워서 아이들 키우기도 좋아요"
127,"신분당선 가깝고 스타벅스 버거킹 같은것들도 가깝고.
신혼부부들도 살기 매우 좋네요!"
128,좋은 동네입니다  단지가 조금 오래되서 리모델링만 된다면 정말 좋은 아파트라 생각합니다
129,구축이지만 투자와 실거주 만족합니다.
130,대중교통 이용 편리하고 단지내 안정된 느낌이 좋아요
131,"강남에서 이사온지 1년정도 되었어요. 
직장이 강남역인데 정자역까지 걸어서 7-8분정도 걸려서 다니기 편리합니다. 집앞이 바로 탄천이라 조깅하기 아주 좋고요, 무엇보다 공기가 좋아서 숨쉬기가 편해요. 
지금까지 볼때는 주민분들도 모두 젠틀하세요. 
탄천 건너나 kt쪽 먹을거리도 많고, 카페거리도 걸어다닐 수 있어 좋아요. 단지안에 큰 슈퍼인 정동마트가 있어요. 이마트나 한살림도 가깝고, 코스트코는 공세점까지 30분 정도 소요됩니다. 
재활용 분리수거도 항시 가능해서 편리해요. 
올수리하고 들어와서 구축임에도 생각보다 불편한점이 별로 없어요. 단점이라면 가끔 층간소음, 지하주차장 연결이 안되어있는점 정도. 늦은 밤 아니면 주차 어려움도 없어요. 
올해 엘레베이터 교체도 예정되어있어 기대하고 있어요. 
내년되어 신사역 연장되면 더 살기 좋아질것 같아요."
132,탄천이 가까워서 코로나로 지친 마음을 산책다니며 힐링할 수 있어 좋습니다
133,"좀 오래되서 리모델링이 필요하다는것외에 단점은 없는것같다
역가깝고 마트 많고
큰길가 동인데도 차소리가 거의 안들린다
아이들 다니기 좋고
난방잘되고
추천추천"
134,"기본집이라서 그런지 엄청추움
침실에서 입김이 나올정도였음
3층이라 쥐들이 세탁기배수구로 집으로 들어와서 깜짝놀람
아이때문에 거의 빈집이었지만 관리비가 따박따박 20만원씩 나옴 정작역이랑 가까운거빼면 좋은기억이 없음"
135,"입지가 너무 좋은 곳입니다. 지은지 오래 됐어도, 크게 불편함 없이 잘 지내고 있어요. 정자역 가깝고, 주변 인프라 또한 정말 좋습니다."
136,교통좋고 학군 경기도내 최상위급 단지도 조용조용한게 푸근해요 사람살기 좋은 단지예요
137,"교통, 학군 그리고 주변 상권이 훌륭함"
138,탄천이 바로 앞에 있어서 산책하기 좋고 교통편도 편하며 근처에 왠만한 것들이 있어 좋습니다
139,"살기 너무 좋아요

분당, 판교 근무하시는분들 많고,
수원 삼성전자, 강남권 직장인도 많아요

영어 유치원 부터 초중고 학원 모든 학원이 가까이 있어요
초품아, 중품아로 아이 키우기도 좋아요

신분당선 연장 개통 기대되고요

전체 인테리어하고 들어가면
요즘 신축보다 훨씬 고급스러워요

나중에 재건축 되면 더 좋을 것 같아요"
140,조용하고 탄천가깝고 교통 좋고 살수록 정이 가는 동네
141,"지하철 가깝고, 주변 편의시설도 훌륭함.
공원과 같이 잘 꾸며져 있지만, 오래된 아파트라 늦은시간 주차공간이 부족할경우가 많고, 육상주차시 새똥테러를 많이 당함."
142,우리 아파트값 왤케 오르는거에요? 호가일 수 있겠지만 26평 매매가 보고 완전 놀랐어요
143,"지금도 살고 있지만 탄천도 가깝고, 지하철 역 및 버스 정류장과도 가깝고, 단지 내라 조용하기도 하고 여러모로 좋은 집"
144,아파트 가는길..
145,눈많이 온 날..
146,26평 신고가 얘기가 있던데 실거래 빨리 떴으면 하네요
147,혹시 남향 탑층 살아보신 분 계신가요? 여름/겨울 괜찮은가요?
148,재건축 충분히 가능하겠네요
149,"근 20년을 살았는데 아파트가 오래된거 빼고는 너무너무 좋아요
위치.교통 최고 
주변에 왠만한 것들은 진짜 다 코앞에 있어요!! 
학군도 좋아요"
150,"좋은점 : 위치가 좋음. 정자역, 탄천 가까움. 학교, 학원, 대형 마트 등 인프라 좋음. 

안좋은점 : 층간소음..
화장실 소음과 바닥 진동 소음에 취약. 아이 있으면 매트 필수.. 층간소음은 분당 구축들 다 비슷할걸로 생각됨. 이웃 잘만나는게 복인듯."
151,미래 가치를 보고 눈여겨 보고 있습니다^^
152,리모나 재건축 둘 다 진행 안하나요?
153,"살아보니 정말 살기 좋은 아파트
내년에 신규 아파트로 이사만 아니면 계속 살고 싶네요"
154,"단지내 나무가 많고 대형 평수는 주차가 넉넉해서 좋아요. 학원, 정자역이 가깝고 초품아 중품아라 살기 참 좋은 것 같습니다.  별도 장비가 있어서 수압은 고층도 문제 없고, 엘베도 곧 모두 교체 예정이에요. 다만 구축이라 들어 갈때 인테리어는 필수입니다."
155,"인프라풍부하고 대중교통 편리하다
학군좋고 대치동과 거의 비슷한 수준의 학원가 형성됨
먹을거 많다
판교현백 수내롯데 서현ak 죽전신세계 이마트 등 편의시설 매우 좋음
내가 나중에 결혼해서도 애는 분당에서 키우고 싶을 정도(현 20대중반)
강남은 애도 나도 힘들 것같기두....돈도 너무많이들고
암튼 ㅊㅊ"
156,단지 조성이 잘 되어 있고 편의시설이 다 가까워요
157,가운데 산책길이 참좋아요. 주변에 어린이집도 꽤 많습니다.
158,"역이 도보로도 가까워서 좋고 주차공간도 분당 다른 아파트 단지에 비해 여유있게 느껴져요. 
살기 좋습니다."
159,"교통편리하고 주변환경 양호합니다
층강소음 심합니다"
160,실거주 2년이상했는데 좋습니다 천당및의분당
161,"탑층 엘리베이터 소음 심하고
층간소음 심합니다
교통 편리성과
주변환경는 좋아요"
162,"탄천앞이여서 산책하기도 좋고, 무엇보다 신분당선 분당선이 있어서 교통이 정말 좋습니다"
163,나무 많고 동 간격 넓어서 쾌적하고 좋아요 밤늦게까지 주차자리 항상 있어요~
164,16년째 거주하고 있어요. 교통 편리하고 환경 좋고 정이 들어서인지 거주지 최고예요~
165,조용하고 상권이 잘 형성되어있어 편리합니다
166,"입지 좋고 더블 역세권에 후문 나가면 바로 탄천 있고.. 봄에는 벚꽃 가을에는 단풍이 너무 이뻐요~
관리가 너무 잘 되는 단지라 정말 살기 좋아요. ^^"
167,"상록이란 말처럼 단지내 큰 나무들이 많아 숲에 있는 느낌이고, 지하철, 광역버스 등 대중교통 이용하기도 매우 좋습니다."
168,"관리가 잘 되어 있어요. 초등학교 중학교 다 가깝고, 대형퍙수ㄴ 주차도 괜찮아요"
169,정자역까지 걸어가기 편하고 학교도 가까워서 살기 좋았어요
170,"실거주하기 너무 좋은 단지에요. 분당 전체가 다 좋은 것도 있지만, 그 중에서도 정자동 대장단지라는 자부심이 있네요! 계속계속 갖고 있다가 1:1 재건축하면 제일 좋겠어요~"
171,"모든것이 갖춰져있어 살면서 감사함을 느끼게 되는단지..
뭐하나 부족한게 없네요
너무 올라가서 대형평형으로 갈아타기 갈수록 힘들어지는것이 단점이라면 단점입니다"
172,"상록우성 살고 있는데 살가는 좋습니다
그런데 학군은 아직 잘 모르겠어요 정자동쪽이 학원가인데 거기까지 사실 잘 보내지지 않네요
단지는 너무 이쁜데 주차는 어려운 동 들이 많습니다
참고하세요~"
173,전국 학군 순위 정자동 6위입니다
174,"안전에 관한 안내 방송은 정말 꽝인 것 같아요.
올해 2월에 이사와서 화재 경보가 잘못 눌린 게 3, 4번쯤 되는 것 같은데 잘못 눌린거다 어쩐거다 방송을 해준적이 없어요. 지금도 좀전에 울렸는데 아직까지 방송이 없어요. 진짜 화재나면 어쩔라고 이러는지 모르겠어요."
175,단지 관리 잘되고 지하철역 가깝고 광역버스 정류장 가깝고 도보에 정동마트 이마트 홈플익스플러스 롯데슈퍼 있고 탄천에 분당도서관에 정말 생활하기 좋은 곳
176,안녕하세요! 혹시 21평형 베란다에 세탁기 건조기 동시에 놓을 공간이 나오나요?
177,"초중품아 (신기초,정자중)
걸어갈수 있는 학원가 (대치가 본점인 체계적인 대형학원 및 영어전문학원)
교통 (신분당선,22년 초 신논현 연장)
환경 (탄천)
일자리

모든것을 갖춘곳..."
178,오래된 것 빼면 나머지는 모두 만족스럽습니다
179,"마트, 편의시설, 병의원, 약국....
다 코 앞에 있어요
제일 맘에 드는건 산책로랑 탄천이네요"
180,가운데 산책길 아주 좋아요.!!  어디 안가도 아이들과놀기 좋습니다.
181,305동 20평대 이사고민중인데 주차에 어려움이 많을까요?
182,312동으로 이사를 고민하고있는데 주차는 어떤가요?
183,단지에 가을이 왔네요
184,"장점 주차공간 
단점 층간소음 주방협소 안쪽나무창 지하주차장 출입구 멀다"
185,"앞으로도 오래 보유할 계획인데, 언젠가 리모델링 아니고, 제대로  재건축되면 좋겠어요. 지금도 단지내 유휴부지가 꽤 보이는데, 소소한 거주자 공유 공간으로 활용할 수 있으면 좋을 것 같아요. 정자동 아파트 단지들은 서로 벽을 세우지 않고, 멋진 산책로를 공유하는 것이 모두를 위해 너무 좋은 것 같아요. 앞으로 먼 미래에 재건축 시점에도 이렇게 연결된 공간의 가치를 지켰으면 좋겠어요."
186,"교통 편리하고 조용하고, 편의시설과 산책로도 있는 살기 좋은 곳"
187,장점이 많은 아파트 오래오래가지고 싶네요
188,"신혼 부터 아이 유년기를 보내기 최고에요
주변 상권 교육 교통 3박자가 잘 갖추어져 았어요"
189,"-정자역이 가깝다.
-탄천이 가깝다. 
-상록우성과 느티마을로 이어지는 길을 걸으면 마치 수목원에 온것같은 느낌이 든다. 
-아이가 있다면 최근에 재정비된 느티마을 어린이 공원을 이용하면 좋을듯!
-재활용 쓰레기와 일반쓰레기를 수시로 버릴 수 있어 좋다. 
-마트가 가깝다. (정x마트 , 홈x러스 익스프레스)


그러나 구축이다ㅠㅠ

신축에서만 살다 이사오니 적응하는데 시간이 필요했음"
190,"31평 관심있게 보고 있어요
그런데 31평은 다 동향인가봐요
동향집이 겨울에 춥고 여름에 덥고 곰팡이도 생긴다 이런 말이 있던데 어떤가요?
그리고 도로가 집은 시끄럽다던데 몇동을 피해야 할까요? 수도권 거주하는 사람이 아니라서 매일 임장할 수도 없고..여기밖에 믿을 데가 없네요^^
아시는 분 팁 좀 부탁드려요"
191,"주변 상권 좋고 학교도 가까움
아파트 노후화"
192,"일단 단지내 나무가 많아서 사계절내내 예쁘고요
분리수거를 요일관계없이 아무때나 할수있습니다
엘레베이터와 계단이 건물 양쪽에 있어서 출입이 편합니다
아파트 현관문 출입구가 카드키로 출입가능하기때문에 안심도 되구요
단지에 있는 상가건물에는 마트,세탁소,수선집,빵집,편의점 등 다양한 매장이 있어서 편리합니다.
관리비는 평균 18만원정도 나오고 주차공간은 적당한데 단지내 땅의 높낮이가 달라서 차로 이동시 시야확보가 어렵습니다. 윗층에서 뛰어다니면 소음이 잘들리는 편이고 가끔 다른집 진동도 들립니다. 건물이 오래되서 화장실이나 부엌이 리모델링 필수입니다. 
단지가 살짝 복잡해서 익숙해지는데 조금 걸립니다"
193,보름달
194,318동 저녁에 건너편 상가 불빛 불편하신가요?
195,"2년 넘게 살고 있는데
서울 가는 교통 너무 좋고
인프라도 완벽하고
동네 분위기도 좋아요

단지가 전체적으로 잘 관리되고
너무 만족합니다^^"
196,"22평 갈 예정인데, 전기차 충전 안되나요????  오래된 아파트도 다 있던데"
197,"신분당선 타고 판교 1정거장이어서 판교 출퇴근이 매우 편리합니다. 탄천도 집앞이어서 산책이나 운동하기 좋고, 집 근처 kt 앞, 정자역 근처 맛집과 편의시설 이용도 편리합니다. 정자동 학원가도 걸어다닐만 하구요. 교통, 자연, 편의시설, 학원가.. 뭣 하나 빠지지 않는 곳입니다."
198,"장점) 대중교통이 잘 되어있고 초중교를 품고 있다. 학원가가 가깝다.
산책로가 오래되어 나무터널을 이루고 있다. 
단점) 도로와 인접한 동은 시끄러움
        주차장이 부족함"
199,"이사온지 2년 정도 됐습니다. 서울 출퇴근도 편하고 초중품아라 차없는 길로 아이 학교도 보내기도 좋고 학원가 이용도 편리합니다.신분당선,분당선,각종 광역버스로 이동하기 너무 좋습니다. 단지 산책길, 주민분들의 여유 그리고 가까운 탄천까지 삶의 질도 이사와서 만족합니다. 주차공간도  대형평수 있는 곳은 주차 걱정은 없습니다.무엇보다 출퇴근길,주말 단지 주변 걷기만 해도 하루 피로가 사라지고 힐링됩니다.단지 관리도 잘 되네요."
200,"정자역이 가깝고 주변 상권이 잘 형성되어 좋아요. 탄천도 가까워 운동다니기 좋아요. 단점은 단 하나!주차공간이 부족해서 주차가 정말 어렵고, 지하주차장이 있으나 역시 자리 부족!겨울 출근아침 차에 눈쌓이면 치우기 힘들어요.."
201,"두말할 필요도 없는 최고의 아파트 입니다.
단지 관리 잘 되어있고, 교통 너무 편리하며
주변 대기업들도 많고 공원도 많고
호재도 너무 많아서 맘도 편해요.
주민들도 수준이 높으시고 다들 친절하시네요"
202,"역과 너무 가깝고 
뷰도 너무 좋습니다~ 
교육은 뭐 다들 아실거구요~ 
주차스트레스 없어서 참 좋아요 ㅎㅎ
단지내 산책로도 최고 요즘 날씨가 너무 좋네요    
최고 입지! 앞으로 계속 살려구요~"
203,"정자역 도보로 다니기 좋으며, 학군 우수"
204,신분당선 라인. 좋은학군지. 다만 아쉬운건 오래된 년식과 아직 기약없는 재건축. 소형대형섞여있어서 리모델링은 쉽지않음. 대신 기약없이 재건축 바라본만큼 단지관리는 굳. 다만 재건축바란 갭투자 보유가많음 자가보다는 전세위주의단지. 때문에 네이버 현재 30건매물 쌓여있는데 대부분 갭매물. 하지만 취득세부담때문에 1주택 무주택자밖에 갭은 매수수요없는 상황. 세입자들이 올라간전세가로인해 집안보여주니 갭매수가 더더욱 힘듦. 옆에 느티마을은 갭위주여도 리모델잉 최우선 위치에있는만큼 똘똘한한채 내지 보유세내고도 이득볼수있다는 시각으로 매물 잠김은 강함.
205,"여기 올해초였나 작년말이었나
26평 정남향 11억2천 달라길래 헉 했는데
아직 이네요. 탄천은 진짜 좋던데"
206,"상록우성은 정자역 초역세 대형단지로 현재도 주거환경, 교육, 교통 여러면에서 매우 우수합니다.
특히 신분당선은 계속 연장되는 계획인데 일단 2022년 신사역 연장되면 지금 강남역 2호선 외 신논현역에서 9호선, 논현역에서 7호선, 신사역에서 3호선과 접하게 되어 앞으로 더욱 기대가 됩니다."
207,"단지 내 횡단보도 건너지 않고 초중있고 최근 편의점이 생겨서 도로 건너지 않고 이용가능해짐. 산책로에 그늘이 좋아 여름에 강아지 산책 시키기에 최적화. 탄천 걸어서 5분내, 마트 걸어서 5분내로 편리함. 주택으로 이사가고 싶으나 사계절 잘 관리되는 탄천 잔디로 충분히 전원생활 누릴수 있음. 녹음 짙은 산책로도 굿. 조용한 시골로 이사가고 싶은데 여기가 너무 좋음"
208,32평이랑 46평의차이가 별로 안나네요 46평 너무 저평가된거 같네요
209,교통과 교육 모든 면에서 우수한 단지입니다.
210,여기 아파트에 경비원이 없어요. 관리가 그렇게 잘 되는 편은 아니고 아파트 지하에서 퀴퀴한 곰팡이+나프타렌 냄새 납니다.
211,6년간 거주하였습니다. 살기 너무 좋은 곳입니다. 교통도 훌룡하고 이웃들과의 마찰도 없었습니다. 주차공간은 아주 여유있는 편은아니나 주차에 특별한 어려움을 겪은적은 없습니다. 분리수거도 날짜에 구애받지않아 편리합니다. 단 노후화되어 층간소음은 좀 있으나 서로 이해하며 지내는 분위기 입니다
212,"정자역 도보 5분정도이고
주차공간이 조금 부족하긴하지만 엄청 불편한 정도는 아님. 

걸어서 10분 이내에 정동마트 또는 편의점이 있음

아파트 단지 자체가 조용하고 탄천과도 가까워서 산책하기도 좋음"
213,바쁠때는 마을버스 이용하고 날 좋고 시간 여유 있으면 걸어다니며 정자역에 갈 수 있는 거리입니다. 살기 너무 좋은 곳이라는 건 모두 다 아실듯^^
214,오래된 아파트 이지만 . 주위  편의 시설과 초록이 우거진 숲길이 너무 좋아요
215,"정자역 가까움, 동간격 넓음, 살짝 오래됨"
216,"장점 단지에 나무가 우거져서 초록초록함
단점 단지에 나무가 우거져서 저층은 해가 잘 안듦...."
217,우성은  전철이용도 좋고 조용하고 살기좋은 단지 인것같아요. 주변에 녹지도 아주 좋습니다
218,"아기 키우기 너무 좋아요~!
정자역도 가깝고 상권 이용도 너무 편해요"
219,"상록우성은 산책로가 정말 좋아요 ㅎ
근처에 마트와 병원도 가깝고 많아서 생활에도 편리하고요
버스노선도 많고 지하철도 가까우니 서울 출퇴근도 다른 동네에 비하면 수월한편이에요
집값이 비싸긴 하지만 다 이유가 있는듯 하네요 ㅎ"
220,일단 정자동내에서도 교통이점이나 위치가 정말 좋은듯합니다. 뭐 일단 매매가격이 말해주고 있죠. 하지만 오래된 아파트이니 만큼 내부 구성도가 옛날식이라 구조공사는 반드시 필요할듯 합니다.
221,정자동 인프라 및 개발호재를 한눈이 볼 수 있네요
222,"솔직히 오래되었다. 주차난. 낡았다 이런거 말고 깔게 없는 단지. 입지는 뭐 두말하면 입 아프고..
느티마을이랑 상록마을 사이에 공원길은 뭐 설명이 필요가 없는 숲속이고 돈만 있으면 하나 더 사고 싶다.
자식에게 증여해주고 싶은 아파트."
223,아파트앞 다리..
224,이게 진정 배산임수 아니겠습니까
225,"내년되면  폭락한다
다주택자들 물건나오면
폭락이다"
226,"정자역까지 생각보다 거리가 있지만 도보로 충분히 다닐만한 거리입니다. 한솔프라자, 마트가 있고 강남행 광역버스 정류장도 부근에 있습니다. 단지 내 조경이 잘 되어있어 계절마다 감상하는 재미도 있구요."
227,"20년부터 거주 중. 장점은 역세권이며 대단지로 저렴한 관리비에 조용한 주거환경이고 단점은 층간소음 취약, 아파트 노후화로 인한 수리 필요 등 그 외에는 정자동 대표 단지로서 우수한 수준임"
228,오래된 아파트. 정자역에 가까워 좋음. 학군은 중학교부터 별로.
229,"32평, 47평
화장실에서 노래하는소리는 들리는편..
위치는 최고입니다~ 웬만한 버스 다 있어요 (서울 등)."
230,살기 좋네요.교통도 좋고요 공기도...요
231,"정자역 인프라 바로 앞이라 이용하기 좋고
학교 찻길 안건너서 좋아요.
브런치하러 주말에 걸어나갈 수 있고
배달 모든 종목 다 됩니다."
232,탄천이 가까워 산책이나 운동하기도 좋고 주변 상가들도 가까워 살기 편한 곳입니다.
233,탄천이랑 가까워 운동겸 산책하기 좋고 지하철이 가까워 교통이 편리해요
234,"초역세권(정자역). 정남향. 초품아(희언유치원,신기초, 정자중, 길 건너 한솔고)
스포츠센터(발리, KT) 
이렇게 나열해보니 정말 엄지척이네요."
235,"괜히 정자동 대장이 아닌거같아요.
대중교통 너무 편리하고 주변에 상권도 너무 잘 갖춰져있어서 뭐 하나 불편한게 없습니다.
애는 아직 없지만 학군도 워낙 좋고, 학교도 단지내에 있어서 앞으로 20여년은 살아도 좋을것같아요."
236,"앞으로는 이쁜 탄천, 분당 내 핫한 정자 상권과 맛집들, 그리고 다양한 회사들에 이제 강남을 넘어 서울 주요 거점까지 이어질 신분당선과 주변의 리모델링 예정 단지들까지 점점 기대가 커지는 상록우성입니다. 구축임에도 아파트 외관도 단지내도 매우 깔끔하고 동간격이 넓어 쾌적합니다^^"
237,"분당 정자동에선 대장아파트 입니다. 주변에 마트, 공원 가깝고 살기 문안합니다. 가격이 많이 오른게 단점이죠ㅎ"
238,"위치좋고 살기는 참 편해요.
주변 만족도도 높고.. 분당내 대부분이 그렇듯 오래된 연식이 문제지요"
239,"교통, 생활, 환경 등 모든 점에서 완벽... 단점은 전반적인 단지 노후화 및 지하 주차장 엘리베이터 없음 정도."
240,"이사 오고 살아보니 다른데 못갈것 같아요 
병원, 학원, 학교, 유치원, 생필품, 맛집 등등 
도보로 해결 안되는게 없어서 차 끌 필요가 없어요
남대문까지 버스로 30분이면 가고 지하철로
강남역 15분 판교현대백화점 한정거장.. 
집 밖에 나오면 매일 숲에 온 것 같아요! 
탄천도 바로 앞이라 밤마다 운동하기도 좋고 정말 살기 
너무너무 좋아요^^"
241,"2년째 살고 있는데 교통.주변환경 참 좋습니다
정자동 대장주 답습니다"
242,신분당선역세권에 초중품아 탄천 느티와 이어지는 공원 서을대병원인프라 오래오래 넘살기좋은위치에요
243,동간 거리도 넓고 역세권에 주변 학교들도 가까워 아이키우기도 직장인도 살기 좋은 곳이예요
244,입지깡패네요 더블 역세권에 초품아에 직주근접에 주변 녹지공원까지....
245,"신분당선 더블역세권, 초중품아, 대기업 직주근접, 탄천 을 품은 완벽한 입지라고 하더라구요~"
246,교통 편리하고 아이들 학교다니기 좋아요
247,여기지금 살벌해요 평형대마다 신고가에요
248,"우선 장점은 단지내 조경이  너무 잘되어 있어서 숲속 같은 느낌..아이들과 산책하기 너무 좋아요. 놀이터도 많고 주차장도 넉넉해서 전혀 불편함이 없었어요.
단점은 오래된 아파트다보니 노후에서 오는 불편함이 대분분이었어요."
249,"학교, 탄천, 정자역 모두 근거리에 살기 좋습니다
단지 내 산책로도 좋고~"
250,이제 정자 대장아파트 같네요 무섭게 오르네요 올초 있던 매물은 다빠졌어요
251,"탄천, 정자역 오갈 때 오르막길이라 유모차 끌고 다니기 힘들어요. 아파트 안에 나무길은 참 좋아요. 그런데 아파트 계단 옆길이 많은데 유모차도 다닐 수 있으면 참 좋겠어요.. 한바퀴 돌아야 되서.. 욕심일까요..ㅎㅎ"
252,"위치, 교통 참 편하고 살기 좋습니다.
다만 아파트가 오래 되어 주차 공간이 부족한 편이고,
시설들이 노후 되어 불편한 점은 있습니다.
시설 노후인지 관리 미흡인지 경보장치 오작동으로 새벽에 잠을 깨는 경험도 종종 하게 됩니다. 어쩔 때는 두 번 울린 적도 있습니다."
253,신분당선 역세권이라는 점이 매우 편합니다. 정자역과 한솔고앞에 버스도 많습니다. 근처에 탄천도 있어 산책하기도 좋고 단지 조경도 잘 되어있는 편입니다.
254,"1. 집 바로 앞 탄천과 아파트를 가로지르는 산책길이 너무 좋습니다.
2. 신분당선, 분당선 지나가는 정자역으로 출퇴근 편리하구요. 광역버스도 많이 지나다닙니다.
3. 아이 키우는 입장에서 초등학교 중학교를 찻길 건너지 않고 다니게 할 수 있다는 점은 엄청난 매력입니다.
4. 단지내 규모 있는 마트를 비롯하여 탄천 건너편 상업시설의 수준이 매우 높은 편인 점도 마음에 듭니다.
5. 사소하지만 분리수거 공간도 나름 깔끔하게 마련되고 시간에 구애받지 않고 아무때나 할 수 있는 것도 좋더군요(매주 정해진 시간에만 가능한 단지도 많이 있더라구요)

다만 95년도에 준공된 구축의 한계는 있는 것 같습니다. 아파트 구조나 지상에 차가 다니는 점 등.. 아직 기대할 시점은 아니지만 향후 재건축 등을 통해 극복되었으면 하는 바람입니다.

생각나는대로 그간 살면서 느낀 점을 적어보았습니다만,
이제 거주한지 4년차 되어가는데 갈수록 정이 드는 동네입니다."
255,"단지내 숲길이 잘 조성되어 있고
초품아 중품아 입니다
단지 관리상태도 좋은편 입니다
주차공간도 여유있지는 않으나 부족하지도 않습니다"
256,여름에 산책로 걸으면 시원하고 좋습니다. 한여름에도 바닥에 열이 많이 안올라 강아지 산책에도 좋아요.
257,"상록우성으로 이사를 가려고 하는데 33평 312동 307동은 같은평수 다른동에 비해 1억정도 싸고 26평과 매매가가 비슷하네요.
312,307동이 길가에 있는것 같은데 소음이 심하고 먼지가 많이 들어오나요?
4식구인데 26평과 33평 307, 312동중 고민입니다."
258,"역, 탄천이 가까워서 좋고 산책로 좋고 사람들이 친절한 거 같아요. 다들 엘리베이터에서 항상 인사해주시고 ㅎㅎㅎ
단점은 엘리베이터가 너무 느리다는 점 ㅠㅠㅠ 급할때 답답해요"
259,"다른 아파트에 비해 주차가 상대적으로 편리하며 전철역도 가깝습니다.
단지내 저렴한 마트도 있어서 편리하네요...
아파트가 낡아 가는것은 어쩔 수 없지만 초품아 중품아에 애들 키우기는 좋습니다."
260,"관리비가 싼게 장점 
아파트가 오래되서 구조가 불편한 건 단점"
261,"이사온지 두달되어 가지만 주차장은 정말 별로네요.
오래된 아파트여서 그런지 폭도 작고.."
262,"단점이라면 비행기 소리네요. 
샷시 교체하고 창문 닫고 있으면 괜찮은데 
와 여름이라 배란다 앞뒤로 문 열어두니 너무 심하네요. 
제가 사는 집은 안방이 나무샷시라 비행기 지나가면 창문 떠는 소리 엄청 심해요. 다른쪽 방은 샷시교체해서 그런지 닫으면 괜찮고요."
263,구축인거 빼고 모든 것이 완벽함 교통 학군 학원 등등
264,살기 좋은데 아파트가 너무 낡았러요
265,"주차라인 안 지키는 사람들 진짜 반성 좀 합시다
다른사람을 배려 합시다 어휴.. 본인만 편하려는 생각 좀 버리세요"
266,"지하철역 가깝고 버스 노선 잘 되어있음
마트 스타벅스 등 편의시설이 가까워서 좋음"
267,"역이랑 가까워서 출퇴근 편하고
날좋을땐 탄천도 자주이용해요
상가도 kt쪽 정자역쪽 도보로 이용가능해서 좋아요"
268,06년도에 매매한 사람은 잃어버린 12년을 사셨겠군요.
269,"단지도 깨끗하게 정리되어 있고 
편의시설교통 너무 좋아요"
270,7년 전 살았던 곳. 구축이지만 조용하면서 최고의 입지와 학군을 모두 갖추고 있어서 사는데 많이 편리했습니다. 다만 층간 소음이 조금 아쉬웠습니다
271,"오래된 아파트 특유의 단점은 어쩔 수 없지만
연식에 비해 굉장히 관리가 잘 되어 있습니다.

아파트 중앙을 가로지르는 산책길이 특이 마음에 드는 단지입니다."
272,"오래됐지만 2017년인가 그쯤에 온수배관공사 싹 다 했구요, 역 가깝고 각종 병원, 학교 근처에 다 있고 살기 좋습니다. 다만 나무가 우거져 여름에 매미소리 오집니다."
273,"좋은점은 근처에 왠만한 시설들이 모두 추어져있습니다.  아파트 앞 숲길이 산책하기 좋구요.바로 초등학교운동장등을 이용하기도 좋아요. 
단점이라면 오래된 아파트이다 보니 녹물이 나오거나(배관교체공사를 했는데 나오는 의심이 듭니다) 수리가 필요한 경우등이 있습니다."
274,"구축이긴 하나
정자역 가깝고 바로 앞이 탄천이라 운동이나 산책하기 너무 좋습니다.
학교는 초,중이 바로 옆에 있으며
고등학교는 멀지 않습니다.
식당가는 너무 많아서 걱정입니다"
275,"정자역 도보7분 
단지내 숲길이 예뻐요 
주변 마트나 상권도 좋고 도서관도 가깝고요
8년 아이 둘 키우며 살면서 불편함없는 동네였어요
아파트 녹물은 있어요"
276,다좋은데 후문쪽에 편의점  없는게 아쉽네요  밤늦게 편의점 가려면 정자역쪽이나 라이프쪽으로 가야함
277,"아파트가 오래된것만 빼고는, 참 예쁜 공원과 좋은 학교 좋은 시설들이 가까이 있고, 조용하고 살기 너무 좋은 곳입니다"
278,"안녕하세요 입주예정자입니다.
22평형 예정인데 세탁기 놓는 부엌 안의 작은 공간에
혹시 세탁기와 건조기 같이 올릴 만한 높이가 되나요?
입주민들의 답변 너무 감사히 기다리겠습니다^^"
279,주거환경으로는 나무랄데 없는 아파트입니다. 나무도 많고 산책할 곳도 많아서 좋습니다. 10년 넘게 거주하고 있는데 만족합니다. 다만 건축년도가 25년이 넘어가니 리모델링이라도 진행되면 좋겠습니다. 리모델링이나 재건축이 되면 정말 최고의 단지가 되겠네요.
280,관리비등 비용면에서 저렴한점 맘에듭니다
281,"입지와 대중교통은 좋았으나, 주차는 가끔 힘들었습니다"
282,봄 여름 만개한 꽃과 초록초록 나무가 가득한 산책로가 너무 좋습니다. 탄천 산책은 말할것도 없고요. 오래되어 전반적으로 노후된건 맞지만 이건 분당 어딜가든 비슷할것 같고 실거주 만족스럽습니다.
283,"322동이에요. 
느티마을에서 6년 살다 이매촌에서 2년 살다 다시 이쪽으로 왔어요. 
우선 정자역 내렸을때 풀내음 물내음이 너무 좋고요.  
느티마을~상록마을 이어진 산책로도 너무 사랑해서요.꼭 다시 오겠다고 생각했거든요. 아이랑 반려견과 같이 살기에도 더없이 좋아요. 
막상 살아보니 단지만 보기에는 느티마을이 더 나은 것 같아요. 4단지로 올라가는 계단 외에는 느티마을은 전체가 평지인데 상록마을은 그렇지않아요. 다른 동은 모르겠지만 현관 앞 복도도 너무 좁고요. 3라인인데 막상 이사하고 보니 현관 바로 앞이 내려가는 계단이라 놀랐어요. 잘못하면 애 떨어지겠다싶어서요. 층간 소음도 더 심한 것 같고요. 
이 동네 비행기가 많이 다녀서 하루종일 집에 있으면 시끄러운 점은 있어요. 저희 집은 안방 창문이 나무틀이라 더더욱 시끄러워요 ㅜㅜ 
녹물은 없네요.
단지 내 산책로에 오토바이만 못다니게하면 최고일 것 같아요!"
284,정자역과 한솔고등학교 사이에 위치해 있어서 분당선/신분당선 및 서울-경기 광역권 빨간 버스 모두 탈 수 있는게 장점입니다 다만 아파트 자체는 꽤 되어서 개별적 리모델링하면 좋습니다.
285,"30평대 관심있는데, 로얄은 몇동인가요?
아이들 학원가도 잘 형성되어 있나요?"
286,"교통 주거 교육환경 모두 좋으나 분당의 오래된 아파트라 방음과 아파트의 연식은 어쩔수 없네요
단지내 동간 경사가 있어 아가들이 돌아다니기에 일부  위험한 구역이 있으나 산책로가 좋아요"
287,일단 단지가 커서 매물이 많고 교통이 좋아요. 정자역과 거리가 있는 듯 하지만 동위치에 따라 다르고 공원내 길이라 조용하고 걸을만 합니다. 생활하기는 괜챦아요.  아쉽다면 분당이 다 그렇지만 좀 오래됐다는거... 재개발이나 재건축은 시간이 기약이 없고.....
288,"매수 고려중인데...

39평이나 40평대로 로얄동은 어디인가요?

되도록이면 RR로 사고 싶네요."
289,"여긴 중학교 정자중 말고 다른곳은 배정 안되나요?

정자중 말고 다른중학교 얼마나 가는지도 궁금하네요"
290,교통이 편하고 좋은데 주차시설이 별로예요 너무 좁아서 저녁에 가면 자리가 없어요 ㅠㅠ
291,"오랜기간 동안 인기있는 아파트인데는 이유가 있죠.
교통, 생활, 학군. . 
차라리 사람이 덜 몰리는 요즘이 더 좋은 것 같은 느낌입니다."
292,초등학교도 가깝고 동네도 조용하고 다시 이사가고싶은 동네입니다
293,"좋은 교통, 인프라, 학군, 이웃들이 있는 정자동 대장주 아파트입니다. 단 아파트 30년에 근접하였고 재개발 및 리모델링 가능성은 낮을거로 생각됩니다."
294,"질문 드립니다. 상록우성 매매 고려중인데요, 2월중에 거래 2건이 분양가 거래로 나오는데, 어떤 의미인가요?"
295,"조용하고 학교도 가깝고 편의시설도 갖추어져서 좋습니다. 하지만, 중학교가 진학상황이 분당에서 가장 낮은 편이네요."
296,"안녕하세요 상록우성 탄천뷰 궁금해서 여쭤봅니다.
321동 324동 320동 이렇게 탄천뷰가 있는건지요~?
이사 가고싶네요!! ㅋㅋ"
297,4년살았네요 정자역 및 생활에 필요한 시설은 전부 도보가능합니다. 인프라가 최고의 장점인 곳입니다. 단점은 주차.. 늦으면 지하주차장 이용은 불가하고 평행주차를 해야합니다. 오래된 나무가 우거져 산책하긴 좋으나 새가 많아서 새똥이..
298,여기는 리모데링이나 재건축 안하나요?
299,여기는 실외기 외부에 설치해도 되나요? 별도의 제재가 있는지 궁금합니다~
300,"살기 좋은 상록우성. 정자역 신분당선, 느티마을부터 연결되는 숲길은 쵝오! 가다오다 만나는 분들도 여유있고 좋네요."
301,20년 넘게 거주중인데 살면서 불편한점이 없네요
302,"주변에서는 그래도 관리잘되는 아파트이지만
너무오래되었음"
303,버스  지하철  교통이 모두 좋고 단지내 산책로가 있어  사계절을모두 느낄수 있으며 조용한 단지  입니다
304,"불편함 없이 생활하기 좋은곳 같아요 
특히 스타벅스가 바로 앞에 있어서 좋아요"
305,층간소음 진짜 대박입니다.. 1년째 거주중인데 교통이고 입지고 다떠나서 시끄러워 못살겠네요ㅠ 윗집을 잘못만나서 그런거겠지요.. 윗집 잘만나신분들 부럽습니다.
306,우성아파트단지 중앙에 있는 보행자도로 입니다 .이런 풍경을  사계절 즐길수있어요.
307,우리집 전망이  4계절 아름답습니다
308,303동 305동 큰 도로에 접해있던데 소음은 어떤가요? 중층 이상은 괜찮나요?
309,"25년 거주해도 전혀 불편한 점없이 살고 있습니다. 동마다 약간의 차이는 있지만 교통편리하고 여러 노선 갖추엇으면서도 자동차소리 안들리고 조용한  희한한 청정지역입니다
어린이 공원  보행자도로 탄천의 물놀이장 불곡산등을 모두이용하며 아이들도 착하게 잘 자랏답니다"
310,"40평대는 주차못하는 사람들 이기적인 사람들 많아서
주차장 아비규환..
오히려 30평대 빡빡한 공간에는 칼주차 잘들 함."
311,상록우성 10년 보유 하면세 세 놓고 있는데 한번도 공실이 있었던 적이 없네요. 이정도면 우량주죠.
312,"역세권 카페거리 학교가깝고 학원가깝고 내부관리가 잘됨
산책로가 있어서 편함"
313,학교 학원도 가깝고 지하철도 가까워 좋은것 같습니다
314,"동네가 운동하기에도너무좋고
특히 가을에 길이너무예쁩니다
서울 어느곳이나 교통편도 괜찮고요 살면서 정이많이가는집이네요"
315,산책로가 너무 좋아요 조용하고 지하철도 가깝고 학군도 좋고 학원도 좋고
316,"상록우성으로 이사 예정이에요..
초등 중학생 아이들이 있는데 학원가가 잘 형성되어있는지 궁금하네요.
보통 어느쪽으로 학원을 보내시나요?"
317,"위치가 좋습니다.

신분당선과 분당선이 모두 있어서 서울가기좋아요"
318,"뒤로 가면 회사도 가깝고, 정동마트도 가까워서 장보기도 좋습니다

주차 공간은 조금 힘드네요 ㅜ"
319,"단지내 동마다 조금씩 다르겠지만, 저는 후문쪽에서 살고 있고 지하철역 가까운게 제일 좋습니다. 다만, 근처에 편의시설은 없는 편이에요. 탄천 건너도 그렇고 5-10분은 걸어가야 있습니다. 특히 편의점이 항상 아쉽네요.

초중학교가 근처에 있는건 좋습니다. 탄천도 가까워서 종종 산책하기 좋구요 (춥고 덥고 비오고 미세먼지 탓에 자주는 안나게되는건 어쩔수 없습니다)"
320,"정자역 가깝고 학군 좋고 편의시설, 피트니스, 마트, 병원 등등 가깝고 살기 편해요. 다들 오래사신 분들이라 서로 엘레베이터에서 만나면 인사하고 주민들 수준도 높은 것같아요"
321,"장점 : 1. 정자역 인접 느티제외 탄천을 끼고있는 유일한 대단지. 향후 리모델링이나 재건축시 이런 입지와 대단지의 가치는 더 빛을 발할것이라고 판단됨(대단지의 특권 커뮤니티 센터등)
2. 상록우성과 느티마을 중앙을 잇는 가로공원의 조경은 최고라고 자부함. 봄여름가을겨울 사계절의 다른매력을 갖고있으며 여름에는 무성한 녹음이 햇빛을 가려 시원하기까지함
3. 단지의 앞쪽동들은 탄천을 바라볼수있고 정자역에 가깝다는 이점이 있으며 뒷쪽단지들은 광역버스 마을버스 이용이 쉽고 주변상가들(스세권 버세권 및 병원학원들)이 너무 잘되어있어 모자랄것이 없는 단지
4. 정자역 두산사옥 네이버2사옥등 대기업들의 입주시 상록우서에서 도보로 출퇴근 가능하다는점!

단점 : 용적률이 나쁘나 대지지분은 많고 가치측면에서 극복가능할것으로 판단됨."
322,단지가 크고 조용해서 좋아요 ㅎ 나무도 많아서 여름에 단지내 산책로를 지나갈때는 숲같은 느낌도 들고 좋아요 ㅎ 정자역은 동에 따라 다르겠지만 도보로 10분이내로 갈수 있어요
323,"역과도 가깝고 버스도 이용하기 편해요
산책로도 너무 이쁘고 강남이나 강북가기도 편합니다"
324,다리 하나 건너면 공기부터 틀리다 숲세권이라 할 수 있을 듯
325,이번에 매수했는데 얼른 이사 가고싶어요~
326,"단점> 오래됨, 주차장 협소
장점> 교통, 학원가, 스세권, 정자동 카페거리 식당가 도보 이용가능, 스포츠센터, 정자동 발전에 따른 투자가치 등등"
327,투자하기 되게 좋은 아파트.. 특히 미래를 생각한다면
328,"오래되었지만 단지가 잘가꿔짐
정자역과 도보 5-10분
병원, 스포츠센터, 음식점, 스타벅스, 버거킹,은행 다 가까움
마을버스 상시 운행
나무가 울창함
단열이 잘되서 난방 조금만 틀어도 따뜻함
학군 및 학원
탄천과 가까움
서울대병원 인접"
329,"역 가깝고 너무 쾌적합니다
신분당선도 좋구요^^"
330,"애들데리고  향후 1에서2년 내 이사를 생각중인데
초 6학년에 이사가도 단지내 중학교에 배정이 되나요?"
331,강남가기 좋죠. 생활 하기에도 좋아요.
332,초등학교 저학년 아이들 정자역 학원갈때 걸아가나요? 셔틀 타나요??? 아시는 분 알려주세요....ㅠ
333,초.중품고있어 아이학교보내기 안전하고 가운데 가로수길 너무 좋고 교통도 편리하고 정말 살기좋은곳이네요.
334,황금입지..상우 정말 살고싶네요. 신축이 아무리 대세라지만 살아보면 입지만큼 중요한게 없는거같습니다.
335,"살기 너무 좋아요!! 교통도 단지 앞뒤로 광역버스, 신분당선, 분당선 다 있고, 특히 303동 앞에 정자역가는 마을버스도 2개 다 지나가서 걷기 싫을 땐 마을버스 타면 금방이구요. 303동 옆에 쪽문 있어서 버스타러 갈때, 스벅, 버거킹, 병원, 식당 가기 너무 편해요."
336,오래된 것 빼곤 단점이 없는 집입니다
337,"더블역세권으로 교통 좋아요
단지내 유치원,초등,중등까지 있어 아이 키우기 좋고 학원가가 가까워요
단지내 산책로가 예뻐요"
338,"정자역 주변 시설 이용하기에 탁월한 아파트입니다

시설이 오래된 주변 아파트단지보다는 관리도 잘 되어 있는 것 같습니다."
339,아파트가 노후하고 주차장이 협소한것 빼면 사는데는 전혀 문제되지 않습니다. 정자역과 버스노선도 집앞에 많고 먹자골목도 길만 건너면 바로라서 생활하기에는 진짜 최강이에요.
340,정자동 우성아파트 너무 살기 좋아요 학군도 좋고 교통도 편리하고 ㅎㅎ 303동은 특히 바로 뒤 스벅이 있어서 완전 스벅권입니다 ㅎㅎ
341,"동향이지만 앞이 트여있고
4계절을 느낄수 있어서 좋았네요

사진은 분당 카톡방에서 옮겨와서
몇호라인 인지는 모르겠어요

정자동 살때가 그리워서 글 남겨봅니다~"
342,"정말 좋아요. 정자역, 수내역 이용, 아이들 학원"
343,"단지가 오래되다 보니 장단점 모두 오래된 단지에서 나올 수 있는 이야기 입니다. 

장점
- 단지내 유치원,초등학교,중학교 (차위험 없음)
- 탄천옆, 지하철인근 뛰어난 입지
- 아파트, 마을로 이어지는 뛰어난 조경
- 조용함

단점
- 세대로 이어지지 않는 지하주차장
- 가끔 발생할 수 있는 보수"
344,"단지내 유치원 초등학교 중학교까지 아이들키우기정말 좋은곳입니다
교통편하고 사계절을 느낄수있는 단지내 산책로 굿!"
345,"희언유치원 신기초 정자중을 끼고 있어 아이 키우기 좋아요.
주변 산책로와 탄천수연장도 있어서 좋아요."
346,도로 인접은 소음이 심해서 베렌다 문도 못엽니다.
347,주변환경좋고 상권접근성좋고 정자역더블역세권이고 장점이 많습니다.
348,조용한단지임. 탄천근처 동이라면 대형마트가 가깝지 않아 아쉬움
349,"27평, 321동 주변으로 이사를 계획중인데요. 궁금한 점이 있습니다.

1. 동별로 주차가 다르다고 하던데, 주차는 어떤지 궁금합니다. 
밤10시쯤 귀가하게 되는데 2중주차가 필수인지 궁급합니다. (지금 사는 곳이 2중주차가 그냥 공식화되어있어서요ㅜ)
무조건 지하주차장에는 넣지 않아도 됩니다. 주차폭은 혹시 SUV(산타페)정도 대는 것에 무리는 없는지
2. 어린이집은 혹시 추천해주실만한 곳이 있을까요? 이사갈때쯤에 17개월정도 됩니다."
350,중간 산책로가 나무가 우거져 걷기 좋습니다. 탄천도 가깝고 인근 편의 시설이 좋네요.
351,"동네가 조용하고 지하철도 가깝고 좋으나 밤에는 너무 어두워요, 가로등이 몇개 없네요.."
352,"역에서 가깝고 아이들 키우기 좋아요
단점은 아파트가 구축이라 집안 리모델링 안하면 추워요"
353,숲같이 나무가많아 마음이 편안해지고 역세권이라 교통 상권이용이 편리합니다
354,참 살기 편한 아파트네요. 몇년전에 우연히 이사와서 만족도 높은 삶을 살고있네요. 배우자랑 각각 강남역과 여의도가 회사인데 출퇴근이 편합니다. 정문쪽에서 버스타고 앉아갈 수 있어서 좋아요. 다음이나 다다음 정거장부터는 무조건 서서 가네요.
355,첫분양후 25년째 살고 있는데 인테리어 싹다하니 새아파트 안부럽습니다 교육 자연환경  교통 뭐하나  빠지는거 없는 살기 좋은 곳입니다
356,"전철역 가깝고 탄천 산책 좋아요. 
전철역부터 후문 진입까지 편의점 없다는 거 은근히 불편."
357,"아늑하고 나무가 울창한 단지죠. 역에서 가까운 단지라 5분이면 전철역까지 가고, 공기 좋고 다 만족이었네요."
358,산책로 좋고 정자역 가까워 정말 좋아요... 탄천에 주복 거리 참 주옥 같죠... 행복한 기억만 있어... 강남에서 다시 이주 예정입니다.
359,"안타깝게도 직장 때문에 다른 데로 이사했지만, 정자동에서 30평대 이상 일반 아파트를 찾는다면 최고의 입지라고 생각합니다. 규모 있는 단지이고 단지 관리도 잘 됐어요. 특히 38평과 47평 인테리어된 집은 구조나 실제 면적 면에서 신축 부럽지 않습니다. 동 위치는 사실 크게 중요하진 않습니다. 후문은 정자역, 탄천 가까워서 좋고, 정문은 상가시설나 버스 노선이 훨씬 많습니다."
360,"좋은점 
분리수거 아무때나 
26평은 후문쪽에 있어 역 가까움 
단지내 산책 
유치원과 학교 가까움 

단점 
주차
나무가 많아 벌레가 많음 
베란다가 많음 -리모델링시 해결 
용적률이 높음"
361,"정자역 가기도 가깝고, 아파트도 조용하고
숲길도 좋아서 살기 너무 좋아요"
362,305동 거주자로서 최고 장점으로 꼽는건 스세권입니다. 스타벅스 세권이죠. 맨발로도 가도 될 거리. 오밤중 샤워 후 잠시 서재가듯 머리 젖은 채로 책읽으러도 가네요.
363,"실거래가 안 올라오네요 26평 최근 거래가 9.8억 이엿어요 
구매 계획 있으신 분들은 참고하세요~"
364,"용적율때문에 재건축은 힘들어도 리모는 하겠죠?
입주자대표회의에서 리모얘기는 안나오나요??"
365,정자역도 가깝고 탄천뷰가 참 좋았던 것 같네요
366,"지하철 가까운 편이고 유치원, 초등학교 가까워서 좋은것같습니다. 아이가 아직 어리지만 초등 학원은 정자역에 많다고 하니 장점일듯합니다. 제가 거주하는 동은 주차장 자체는 부족하지 않은데 칸이 좁습니다. 관리사무소가 나름 아파트 관리를 열심히 하는것 같고 직원들 모두 친절하시네요."
367,"집이 오래되서 수리 필수
소형평수의 경우 생각보다 역이 멀어 불편할 수 있으나 버스가 다양함
주변 인프라는 좋은 편임"
368,주차가 1가구 몇대인가요? 추가금액 내면 2대가능한지..
369,"후문으론 정자역(분당선,신분당선) 광역버스, 정문으로도 다양한 노선의 광역버스, 시내버스가 다녀 어지간한 서울보다 교통이 좋다 자부합니다. 
서울이 직장임에도 분당을 포기하지 못하고 정자동을 떠나지 못하는 이유.
그 중 정자동 대장 상록우성의 위치는 단연 최고.

요즘같이 하늘이 예쁜 날 바로 앞 탄천을 벗삼아 거닐다보면 힐링이란게 따로 없이 마음이 행복해지며,관리가 잘되어 단지 내 산책로의 우거진 나무들도 멋집니다. 후에 아파트의 개발을 하게 된다면.. 이 멋진 나무들 어떻게 될지 벌써 걱정입니다.

근처에 사우나, 휘트니스, kt스포츠센터 등 다양하게 있어 도보로 수영 등 다양한 운동을 즐기며 삽니다.
분당도서관, 네이버도서관 등 도서관도 기분따라 골라 갈 수 있는 것도 장점입니다.

단지 앞, 옆 상가에 스타벅스 포함한 카페, 프렌차이즈 버거, 병원, 은행, 마트, 식당 등 맛집들이 있어 도보로 모든 편의 시설 누립니다.
정자동 카페거리도 물론.

아파트가 오래되었음에도 이 장점을 버릴 수 없기에 한번 정착하면 쉽게 떠나지 못하는 것 같습니다."
370,분당의 탄천과 단지들이 서로 연결된 걷기 좋은 녹지 공원 그리고 편리한 대중교통까지 정말 삶이 풍요로워지는 곳 입니다.
371,"단지 나 나무 길이 너무 멋져요. 
마트 가깝고 지하철역도 가까워서 좋아요."
372,"아파트가 25년 되서 좀 낡은거 빼고
나머지 정말 다 만족합니다

분위기 교통 인프라 등등 다 좋아요
1년 반째 거주중입니다."
373,"살기 너무 편해요.  단지는 분위기있게 조용하고, 교통 너무 좋아요."
374,단지 내 산책로가 숲이 울창해서 아주 멋집니다. 탄천도 가깝고 정자역도 걸어갈만합니다. 마을버스도 자주 옵니다. 단지 안에 정동마트가 있어서 쇼핑도 편리합니다.
375,"주차장이 불편하고.. 단지내 굴곡진 도로 때문에 키작은 아이들이 전방주시에도 잘 보이지 않을수 있다. 그런 점 빼고...

앞으로 탄천... 탄천 수영장...
단지 내 큰 나무들로 둘러쌓인 긴 산책로와 곳곳의 놀이터...  정자역... 살기 좋은 곳."
376,"32평 살다가 동판교로 이사가면서 2년간 살면서 느낀 장단점을 정리하랴고합니다.
[장점]
1. 정자역과 가깝다.
2. 옛날 아파트 치고 관리가 잘 되어있다.
3. 분리수거 편하고 32평은 거실과 안방이 크게 잘 빠졌다.
[단점]
1. 노후 된 아파트 답게 겨울에 춥다.
(샤시를 새걸로 갈지 않았다면 비추)
2. 위와 연관되어 난방비가 많이 든다.
3. 입구 현관이 비밀번호가 아닌 카드가 아니면 무조건 경비실을 호출해야한다.
4. 주차난이 심각하며, (주차 공간이 좁아 문콕이 ㅠㅠ) 30평대는 차량 2대 있을경우 관리비가 2만원 3대의 경우 5만원이 추가된다.
5. 느티마을(리모델링 이주수요) 때문인지 전세가 매매가가 서판교만큼 비싸다.
나름 정붙이고 살다가 갑니다."
377,"동영상 임장기 잘되어있는 것 공유합니다
****"
378,"상록우성 입지 최고에요

308동 중간층 38평 베란다 확장한 집을 보니 넓고 좋았습니다

초품아, 중품아, 단지내 유치원도 있고
도보거리에 영유, 학원가 등이 있어서 아이 키우기도 매우 좋아요

큰 평수 쪽 동인데 주차도 괜찮습니다

두산, 현대중공업, 네이버2 등 기업 입주가 다가오고 있어서 그러는지 요즘 매매가, 전세가가 같이 오르고 있네요"
379,"아파트 살기는 좋은데, 가격이 너무 비싸져버려서 평생 벌어도 매수 못하겠어요."
380,"교통최고의지역. 버스도 정자역이나 아파트단지 근처로 많이 다니고 무엇보나 마을버스 출퇴근시간 엄청다녀 환승이용하면 정자역 1분 생활권입니다.
오래살았지만 조용하고 녹지도 많고 최고입니다"
381,"정자역, 탄천 가깝고
초,중 인근에 있어 애들 키우기 좋아요"
382,"세대당 주차 1.2대인가요?
네이버는 1.5대라 되어 있는데

주차 저녁 몇시부터 힘든가요?
단지내 주차 못하는 경우도 있나요?"
383,"조용하고 숲이 많아서 주말엔 힐링 하기 좋습니다.
주변 카페가 많고 초 역세권으로 서울 나들이도 편해요"
384,"단지내 숲길 좋고, 정자역 가까워서 출퇴근 편해요. 초중품아에 학부모 젠틀하시고, 아이들 순하고 주민들 좋으셔요. 대형 평형에 살아서인지 주차난 없어요. 학원들도 가깝고 웬만한 곳 다 셔틀오고 실거주로 이만한 곳이 있나 싶네요."
385,"상록 소형에서 거주한지 4달되었네요
매수할때 큰걸로 살껄하는 후회가 밀려옵니다
하여 궁금한게 평형별로 로얄동이 궁금하네요

31평 남향 313동이 311동보다 비싸던데 313동이 많이 찾나요?
그럼 46평 남향으로 314동 315동 316동이 로얄동으로 보면되는지? 궁금하네요"
386,역 가깝고 동네 안전하고 깨끗하고 아이나 동물키우기 너무 좋고 주차 카페 식당 탄천 뭐 하나 빠지는게 없어요
387,"장점은 잘 알려졌으니 단점 위주(실 거주 10년 이상)

- 주차공간 부족, 주차선 크기 작음
- cctv 장비 구식이고 관리사무소에서 나서지도 않기 때문에 문콕 등 차량으로 문제 발생 시 100% 본인 블랙박스로만 해결 해야 함( or 민사 )
- 엘베 구식이라 낡고 좁으며 깔끔하지 않음
- 관리사무소 직원 대부분 불친절(일부 소수만 보통 수준으로 친절)
- 여름철 매미 소리 난리남(나무도 많아서 매미 집중 서식지임... 여름밤에 문 열지 못함)"
388,"솔직히 주거환경은정말 최고입니다
집안은 따뜻하고 화장실 물 잘빠지고 뽀송뽀송한게 정말맘에들어요"
389,지하철 가깝고 탄천 바로 옆이라 주거환경은 최고입니다
390,탄천과 가깝고 까페거리도 가까워 살기 너무 좋은곳
391,혹시 주차는 어떠신가요?? 밤 10시 이후로 집에 올 일이 많은데요. 그 시간대 주차가 어떨지 궁금합니다.
392,교통이 편리하고 탄천 가까워 운동하기 좋습니다.
393,"단지 내 녹지 조성이 잘되어있고, 제가 살았던 동 기준으로 버스정류장이 가까워서 좋습니다.
정자역까지도 도보 10분 내로 이동 가능해서 대중교통 선택지가 다양하구요.
전에 간혹 녹물이 나오긴 했지만 상수도관 교체공사도 진행하는 등, 관리가 잘 되고있는 단지입니다.
아무래도 구축단지 특성상 주차공간이 다소 부족한 감이 있지만 최근 입주민들과 관리실에서 적극적으로 주차부분의 단속을 진행하는 것으로 알고있습니다. 
부모님과 살다가 최근 결혼으로 인해 분가했는데, 돈만 있다면 다시 살고싶은 곳입니다.
아, 녹지조성이 너무 잘되어있어서 간혹 지상에 주차하면 새똥테러가 있을수도 있는 점이 단점이라면 단점이군요^^;"
394,"구축이지만 관리가 매우 잘되어 잘 유지되고 있다는
느낌이 듭니다. 주변에 편의시설이 많고 없는 게 없습니다. 단지가 워낙 커 동 위치에 따라 편차가 좀 있습니다."
395,"정자동 아파트 중에서 최고의 입지 및 주거환경이라고 생각해요 지하철 가깝고 단지가 커서 관리가 잘 되고 있고요
단지 자체는 오래되어서 내부 올수리하고 들어오실 것 권장합니다 특히 윗층에 샷시가 오래된 샷시이면 벽에 물이 세어들어서 천정에 곰팡이 생길 수 있어요 잘 보고 들어오세요"
396,아파트 간격이 넓고 나무가 우거져서 좋아요. 아직까지는 주차가 많이 어렵지는 않아요.
397,정자역도 도보가능하고 버스노선도 잘 되어 있어 편하게 지냈었습니다. 층간소음은 있지만 그건 오래된 아파트는 다 있는것같네요. 나무도 많고 조용해서 산기좋은 아파트였어요
398,오래된것 빼고는 살기 참 좋습니다.
399,"하수도 배관이나 난방 인, 아웃 배관 누수로 아랫집에 물 새거나 하는 집들이 많나요?

오래된 아파트라 배관들은 교체들 많이 하는지 궁금"
400,"좋은점 ;  분당선.신분당선. 트램까지 들어서면 트리플 역세권/ 광역버스/ 단지내 유치원2,초등,중등학교-횡단보도 건널 일이 없어 엄마들 교통지도봉사도안함/ 휴양림 수준의 조경 / 1700세대 이상 대단지 /  단지 앞 탄천수변공원.물놀이장 / 정자동 유명 학원가 / 근린생활시설단지와 가까워 마트.병원.은행. 외식. 카페 도보 10분안에 해결 / 판교현대백화점. 롯데백화점.Ak백화점 1~2정거장

단점 ; 구축이다. 주차장 연결 안돼 불편. 일부 동 주차난."
401,정자역 초역세권 아파트라 교통편리 살기 편해요
402,"지금은 리모델링에 대한 얘기가 없더라도 결국 90년대 지어진 분당아파트들은 재건축이나 리모델링으로 가닥을 잡을것입니다.
상록우성은 정자동 시세를 끌어가는 랜드마크 아파트이며 입지가 좋으므로 결국 시간의 문제인것입니다.
투자가치나 가성비로 따지자면 리모델링 진행중인 아파튼가 우세해보이나 그아파트들의 상승세를 업고 더 높은 가치를 인정받을 입지를 자랑합니다."
403,교통과 시설 생각했을때 정자역 최고라고 생각해요
404,"저는 정자동 상록 우성아파트 거주중인 입주민이에요
저희동네는 장점이 너무 넘쳐나는곳이라 무엇먼저 써야할지 모르겠네요~
일단,,교통,, 버스역과 지하철역 둘다 아파트에서 도보6분내 이동가능한 지역에 있구요
신분당선이용시 양재강남역 15~17분소요되구요
분당선이용시 압구정동 45분소요
광역버스이용시 강북상권50분내외소요되세요
버스이용시는 배차간격중요한데 10분내외간격이고 다양한 버스가 운행중이라 골라타실수도 있다는점 너무 장점이네요~
솔직히 목적지가 어디든 신분당선 분당선 광역버스를 이용하면 못갈곳이 없죠,,, 
자차이용시는 경부고속도로 내곡자동차전용도로 수서간도로접근성 용이/ 뿐 아니라 광명인천으로 향하는 고속도로접근도 용이해서 안양 광명 인천도"
405,20평대 동향 탄천뷰 좋아서 신혼 또는 3가족 이라면 추천합니다. 단지내 어린이집 평 좋은편이고 희언유치원. 신기초 끼고있고..탄천가까워 산책하기도 좋고..한솔살다 이사왔는데 주차 나쁘지 않습니다. 단지내 상가는 좀 아쉽네요ㅎㅎ(구성이나 시설면?). 도보로 한솔. 라이프쪽 상가 이용 불편하진 않습니다
406,"분당 대표 대장주 아파트로 관리 철저! 교통 & 편의시설 우수, 정자동 유치원 & 학원 이용 우수!"
407,"단지 관리가 잘되고 있고, 동네가 조용하다.
정자역뿐만아니라 서울로 가는 광역버스가 많아 교통이 편리하다. 카페거리를 걸어서 갈 수 있고, 탄천은 산책하기 좋다. 다시 가서 살고 싶다."
408,정문쪽은 스포츠센터와 마트가 있어 살기 편합니다. 다만 정자역이 조금 멀지만 내리막길이므로 걸어 가는게 어렵지는 않아요  약 10분정도 걸릴듯. 나중에 트램이 신기 사거리쪽으로 들어온다는점도 장점일 듯 해요. 다른 지역과 달리 정자역쪽은 상업/유흥지역이 주택지역과 탄천으로 나뉘어져 있어 구분이 되어 있는 점도 장점입니다.
409,"정자역 가깝고 분당 지나가는 빨간버스, 파란버스 다 단지 앞 지나갈 정도로 교통 편해요.
탄천도 가깝지만 단지 내 산책로도 잘 되어있어요.
확실히 어른들이 많이 사시는 것 같아요"
410,일단 주차공간이 너무 부족하고 엘레베이터가 정말 작아요   하지만 단지가 커서 장점이 많아요
411,지하철 정자역에서 도보로 다닐만 합니다. 집은 오래되었지만 주차도 부족하진 않은편이네요.
412,"305동은 정자역에서 생각보다는 멀어요. 걸어서 10분정도? 게다가 언덕이라서 여름엔 마을버스를 가끔 탑니다;; 
그래도 단지가 잘 정비가 되어있고 관리가 되어서 살기엔 좋은 것 같아요."
413,"26평형, 구조가 맘에 들었어요.
쓰임있고 상당히 넓습니다.
화장실 하나인건(옛날건물이라) 단점.
남향 동에 살았는데, 여름에 평균 2~3도는
낮지 않나..할 만큼 시원합니다.
아파트 위치도 좋고,
새 건물이면 나무랄데가 없을텐데요..."
414,26평 살고 있는데 지하철 가깝고 정자역 상권이용하기 좋고 탄천에 산책나가고... 위치가 너무 좋습니다. 주차 공간도 모자라지 않는거 같구요. 유일한 단점이 오래되었다는건데 이건 리모델링을 해도 실내는 좋지만 지하주차장 연결이나 이런 부분이 아쉽네요. 언젠가 재건축이든 리모델링이든 진행되기를 기대합니다~
415,"주차는 힘들지만 살기좋은 아파트, 분당아파트 연식은 어차피 다들 오래됐지만 동간간격넓고 단지내 나무도 많고 근처 탄천 산책 용이 대중교통편리함"
416,노후 아파트라기엔 관리가 너무 잘되있고 이단지를 떠나지 못하고 23년째 살고 있습니다 아이들 초중고 모두 도보 10분이내에 있으며 교통은 말할나위 없이 최고 단지입니다
417,"20년이 좀안되게 살은 사람인데 ,
지금은 자식들 사정때문에 다른곳에 살고 있지만,
모든 조건이 다 갖춰진 상록우성 흠잡을때라곤
년수가 좀있어서 아쉽지만 관리가 잘되어서 녹물이나오거나, 주차도 넓은평수는 공간이 남고,  다른동입주자도 사용이 가능합니다.
장점을 다 열거 할수가 없는 단지 지요?
항상그리운  곳이랍니다,
316동에 살았어요~~"
418,"단지가 오래되서 수목 많고 탄천 바로 옆이면서 번화하지 않아서 여유도 있고 좋아요.
탄천뷰로 살았었는데 건너편 주상복합 야경까지 합해서 뷰도 너무 좋았구요.
학교들도 다 근처에 있고 여름엔 바로 정자동 물놀이장 가까워서 좋아요."
419,"녹물나오는것빼고는 다좋습니다
지하철도 걸어서 3분"
420,곧 입주하는데 녹물이나 이런 컨디션들 어떤가요?
421,작은집은 신혼부부가 살기에 딱 좋았던곳
422,탄천과 정자역 접근성이 가장 좋은 아파트. 후문쪽은 마트가 먼게 단점
423,탄천이 근처라서 아이랑 같이 산책하기 좋고 교통은 두말할것 없이 너무 좋죠^^ 실거주로 너무 좋은 아파트입니다
424,"단지내 유치원,초등학교,중 고등학교 도보가능으로
학군우수,정자역,신분당선역세권 가능,아이
키우고 교통편리하여 최고예요!"
425,"정자역 가깝고, 강남역 나가는 버스 자주다니고. 분당에서 여의도 가는 유일한 버스도 단지 정문쪽으로 다니네요. 이래저래 참 살기좋은 아파트에요."
426,"탄천이 바로 앞에있어서 산책하고 운동하기 너무좋아요.
광역버스를 정문쪽과 정자역쪽 양쪽 다 이용할수있어서 왠만한 서울도심에 다 갈수있어요"
427,질문드립니다 1-2년안에 46평으로들어가려하는데 로얄동(탄천뷰?)이 몇동일까요?
428,"교통 최고 학군 최고 정자역과 버스 정류장이 가까워 강남 과 서울 시내 금방 갑니다 
또한 sk c앤c 네이버 두산사옥 금융결제원 등등 회사들이 많고 근처 아파트 리모델링 진행중이어서 
굉장히 잠재력이 강합니다
너무 좋습니다"
429,"305동 중간층 살았습니다.

장단점 같이 얘기해볼게요.

+ 정자역 입구까지 도보 11분 (네이버 지도 거리재기), 아파트 조경이 잘 되어 있고 정자역 갈때는 약간 내리막이라 충분히 걸을만 합니다.
- 지하철역에서 올 때는 약간 오르막. 공항버스 내려서 트렁크 끌고 올때는 힘듬...
+ 305동 옆 쪽문에 바로 마을버스 109번(정자역 방향) 탑승 가능
- 그런데, 평일 출퇴근 시간 외 109 자주 안옴
+ 바로 단지 앞 도로(내정로)에 서울 종로/광화문, 강남역 등 가는 광역버스 많음. 정류장은 걸어서 5분 미만

- 이 도로의 차량 소음이 매우 심함. 저는 예민한 편이 아니지만 여름에는 창문을 열고 살 수 없을 정도고.. 특히 도로가 오르막이라 버스의 엔진음(언덕에서 가속시), 에어브레이크 소리(버스 멈출때 나는 “치익” 소리) 때문에 열대야에는 문을 닫고도 잠을 잘 수가 없음

+ 편의시설 꽤 있어요. 아파트 상가 정동마트에서 간단한 장보기 가능하고, 305동 건너편에 파리바게트, 바르다김선생, 스타벅스, 버거킹 등 있어서 가벼운 식사나 간식 가능하고, 한솔6단지 상가의 발리스포츠에 365일 24시간 사우나도 자주 이용했어요. 발리스포츠도 연간 회원 등 끊어야하지만 수영장, 헬스 등 운동시설 만족하고 이용했습니다. 이마트는 걸어갈만 하지만 장을 보고 온다면 배달시키가나 개인 카트가 필요합니다..

- 23평 등 소형평수 아파트가 많은 곳은 주차 공간 부족합니다. 새벽 늦게 들어와서 이중주차를 안 할거면, 옆 동의 빈 자리를 한참 헤매야될지도 모릅니다.. 지하주차장은 있지만 아파트와 연결은 안 되어 있어요. 분당 옛날 아파트들은 대부분 다 똑같음

- 수도 노후 배관은 2014년인지 2015년에 다 고쳤지만, 아파트 집안 내부의 배관은 문제가 정말 많습니다. 살면서 아랫집에 물이 샌다고 해서 부엌가구 다 철거하고 배관 수선을 했는데요. 90년대 중반에 지은 아파트는 그런 케이스가 없는데 우성건걸이 싱크대 하수관을 주철관으로 해놔서 주철관이 녹슬고 삭아서 물이 샌거였어요. 이것때문에 돈 많이 들었습니다. 관리사무소에 공사 신고했더니 그럴거면 거기 난방관도 자주 터지니까 같이 공사하라고 안내해주던데 이건 전 집주인이 이미 교체했어요. 새로 이사할 분들은 아파트 내부 배관이 교체된적이 있는지, 아랫집이나 윗집에서 물 샌 흔적이 없는지 등 잘 살펴보세요.

- 305는 동향인데 바로 앞이 길이라 햇빛 정말 잘 들어요. 반대로 서쪽의 작은방은 해질때 햇빛이 너무 강해서 여름에 정말 덥습니다.

- 관리비는 작은 평수와 많은 세대수를 생각해보면 많이 나오는 편인거 같애요. 여름엔 13만원인데, 겨울에 30만원 넘은 적도 많았어요."
430,오래된 단지여서 주변 조경이 울창합니다. 교통은 최고!
431,"교통이 좋은편이나 집이 노후됨
인테리어 필수"
432,"역세권,탄천 좋은 조건이지만, 넘 비싸다."
433,"단지내 초등학교,중학교 및 걸어서 고등학교까지 모두 해결, 정자역, 신분당선 초역세권, 탄천까지 모두 도보가능, 단지관리도 깨끗 .모두 만족하며 살고 있어요~^^"
434,입지 좋은데 주차가 너무너무 힘들어요
435,마트가깝고 전철역 및 버스정류장 가깝고 탄천가깝고 살기 좋아요 아파트내 조경이 특히 잘되어 있어 산책하기 좋습니다
436,탄천 가깝고 나무도 많고 동네 분위기 너무 좋아요
437,좋은 곳이에요. 전철역까지 6분정도 걸리더라구요. 외풍없고 난방이 좋지요.
438,"아파트 안 산책로가 보물 입니다.
주상복합을 고민하다 여기 보고난 후 바로 결정.
여름엔 거의 산림욕 수준"
439,정자역도 가깝고요  탄천뷰는  최고죠
440,"좋은점 : 탄천과 지하철 접근성이 최고입니다. 
나쁜점 : 연식이 오래된 아파트라..."
441,단지에 나무가 울창해서 정말 좋습니다. 조용하고 살기 좋습니다. 정자역 도보 10분 이내이고 단지 앞으로 분당에 왠만한 버스는 다 다녀서 대중교통도 좋은 편입니다. 길가에 있는 동은 조금 시끄럽지만 단지 안쪽에는 고요합니다. 주차시설이 조금 부족합니다.
442,정자역 가깝구여. 탄천이나 공원길  있어서 사계절 변화를 가까이서 예쁘게 느끼고 있는 중입니다.
443,"상록우성아파트 실거주자예요~~
1)교통: 
-지하철: 신분당선,분당선 지하철역까지 도보로 5-7분
(양재,강남역 15-16분,고속터미널30분,을지로 등 3호선 양재 환승 이용 편리)
-광역버스: 아파트 정문쪽(도보로 4분)정류장, 정자역쪽(도보로 5-7분) 버스정류장(백병원 40분,광화문 50분,배차간격 짧음,버스 4-5대)

2)산책,탄천 바로 앞이라 산책 운동 용이
3)중앙공원 도보로 20분,차로 5분,버스2정거장,,공원 view넘 좋고 산책,운동,분당의 자랑 공원(서울 올림픽파크만큼이나 좋음,,,산,호수,산책길 다 있고 문화행사..파크콘서트 대박 라인업 좋음)
4)교육: 아파트단지내 초등,중학교 건널문 건너자마자 고등학교 있음
5)단지내 대형슈퍼, 건널목 건너편 홈플러스,버스2정류장 이마트, 도보가능거리에 자연드림,한살림 매장
6)근처 은행(하나,신한,국민,우리),병원,학원 넘 많고 아파트앞에 스타벅스(근처 도보로 가능 스타벅스 3개)
7)정자역,판교역 대기업 직장 많음(정자역: 네이버,sk 등)
8)판교역현대백화점(자철1정류장,차로 10분),수내롯데백화점(자철1정류장,도보로15분),서현ak프라자,죽전 신세계 등 major백화점 20분 내 이용 가능
9)아파트단지 오솔길 너무 예뻐서 힐링되고오,,사람들 다 사진찍구요,,정자역 직장인등 점심시간에 오솔길에 산책와요~~

적다보니 장점이 너무 많은데
팔이 아파서 더 못 적겠어요..
아무튼 정말 서울 강남,강북 직장가기에ㅜ넘나 편하고 공부시키기도 좋고 숲세권 등산 산책 등 힐링 가능한 지역이예요~~~"
444,"탑층은 어떤가요?
수압, 단열, 누수, 결로 측면에서요.
수리하고 들어가도 극복하기 어려울까요?"
445,"이 단지에서만 동 옮겨가면서 8년정도 살았습니다. 정자역으로 신분당선과 광역버스 타기 매우 좋고 단지 조용, 중앙 산책로가 거의 나무 터널로 되어있어서 산책하기도 좋습니다. 탄천도 가깝고요. 단점은 주차공간이 적고 주차 칸 자체도 매우 작아서 대형차는 주차 자리를 잘 봐가면서 해야한다는점. 층간소음 있으면 그대로 다 들린다는점입니다."
446,"신기초등학교  바로 옆에 있는 정자동물놀이장입니다
탄천 물놀이장 중에서 규모가 가장 큽니다"
447,"정자동 탄천뷰입니다
가운데 보이는 다리가 상록우성과 정자역(신분당선/분당선)을 연결하는 신기교 입니다"
448,탄천뷰 동에 사는데 사계절 너무 이뻐요.(사진은 가을 겨울만 있네요)
449,"버스와 지하철 등 대중교통도 좋고, 단지 조경도 좋습니다"
450,"교통이 편리해서 참 좋습니다
주변 조경도 훌륭하구요"
451,1층 바퀴벌레 안나오나요? 1층 들어갈까 고민 중인데... 1층이라서 여름에 덥고 겨울에 추운 문제도 있겠죠? 수리 잘하면 그래도 괜찮을까요?
452,"정자역과 매우 근접하여 강남으로 출퇴근이 용이하며, 광역버스 정거장이 바로 옆에 있어 강북권으로도 이동하기가 매우 편합니다. 또한, 탄천 산책로, 마트, 도서관, 문화센터, 동사무소등 각종 편의 행정 시설이 인접하여 조용하고 편안한 삶을 누리기엔 최적의.아파트입니다."
453,"네이버, 두산, 하이닉스, 현중 등 기업이 지속적으로 모이고 교육, 교통, 환경 등 살기도 좋고 투자가치도 최고네요. 작년에 32평 리모델링하고 들어왔는데 오래오래 살 것 같습니다."
454,"* 대한민국에서 도시설계가 가장 잘된곳이 분당
입니다. 도시설계 즉 인프라는 재건축 . 리모델링으로도 불가능합니다. 그런면에서 분당의 가치는
영원할 것입니다. 그중에서도 정자동 상록우성은
지하철.탄천.초중고교가 넘 가까워 거주 편의성에서
찿아보기 힘들 정도로 드문 대단지 입니다.
향후 대기업 입주로 전망은 매우 밝다고 자부합니다."
455,"분당에서 이정도 주차 편한 아파트 몇 없습니다
신혼 때 구미동 까치마을 살다왔는데
2중 기본 3중까지도 가더군요..
여긴 2중주차도 몇 대 안합니다
주차편한 게 생활의 질과 연관이 많습니다"
456,정자역에서 가깝고 아파트 주변 조경도 아주 잘 되어있습니다. 강남 진출 용이하고 판교왕 거리도 가까운 최고의 동네라고 생각합니다. 분당이면 학군도 우수하고요! 강추입니다!
457,교통 좋고 환경 좋고 아파트만 새거면...
458,조용한 단지이고 아이들 키우기 좋은 아파트에요
459,38평이 장이 네개가 있는집과 3개가 있는집이 있군요. 4개가 필요한데 일단 전세로 들어가서 매매를 생각해야할지 지금 매매로 해야하는지 고민입니다.
460,탄천 가까워서 좋아요 강남도 금방갑니다
461,74.77은 모두 복도식 아파트에 해당하나요?
462,321동 살았어요. 동향이라 안좋지만 뒷베란다에서 탄천이 한눈에... 지금은 팔고 나왔는데 탄천 뷰는 아직도 점 아쉽네요
463,"근처에서 채소로 유명한 정동마트 가 가깝고
바로 앞에 수영장 (필립스)이 있어서 생활하기 정말 좋아여"
464,26평이 30평대보다 지하철 가깝다.
465,용적률이 219%로 재건축은 힘들겠지요??
466,가격이 비싼것 같아요...옛날 아파트인데...거품같은데...떨어질까요??
467,"중학생때부터 20년가까이 살던곳이에요 
결혼하면서 정자동을 떠났는데 정말 돈이 없어서 못가요.. 걸어서 탄천 불곡산 도서관 이마트 주변에 공원 많고 조용하고 살기 좋죠... 비싸서 문제지ㅠㅠ"
468,"대단지에 아늑한 환경으로 되어 있는 정자동의 대표 단지 중 하나입니다. 연식에 비해 주차는 무난한 편이며, 정자역 이용이 가능합니다. 아무래도 연식이 있어 불편한 점은 있지만 인근 지역 상권이 잘 갖추어져 있고 학교도 가까이 있어 살기는 좋습니다. 다만 재건축은 쉽지 않으니 투자목적보다는 실거주로 접근하는게 좋겠습니다"
469,단지내 수목이 아름답고 아이키우기 좋습니다. 단. 편의시설 먼것은 단점이지만 전반적으로 만족합니다
470,전세보러 부동산 가봤더니 31평 남향 6억 달라이더이다 ㅋㅋ 동향은 5.5억 ㅋㅋㅋㅋ 대체 여기있는 실거래가는 어디 부동산입니까??? 아니면 부동산의 농간입니까??
471,"* 저는 이렇게 생각합니다.
신축 아파트가 구축 아파트 보다는 당연히
좋습니다. 하지만 시간이 지나면 노후화 되기
마련입니다. 그러나 탁월한 입지 교통.학군.각종
인프라는 영원한 것입니다.  그러한 점에서 상록우성
아파트는 매우 우수한 입지를 가지고 있는것입니다.
재건축연한 30년이 다 되어가기 때문에 향휴 재건축
이든 리모데링이 되는것은 당연한 이치 라고 생각합니다.  대치동 은마아파트 가  좋은예 입니다.
30년이 훨씬 넘은 은마아파트가 왜 비싼 건가요
바로 훌륭한 입지 입니다. 따라서 상록우성은
어디다 내놔도 전혀 꿀릴게 없읍니다."
472,"아파트는 낡았지만 주변 환경 매우 좋음.
좋은 어린이집, 병원, 상점 많음.
정자역쪽 가면 놀 곳도 많음."
473,23평 살았는데 다 고쳐져 있는 집이라 그런지 몰라도 한겨울에 따뜻해서 난방도 거의 안틀고 잘 지냈습니다.
474,313동(32평) 삽니다. 겨울에 난방비 너무 많이 나옵니다. 관리비 최대 50만원 가까이 나옵니다. 겨울에 난방 밤과 아침에 잠깐씩만 틀었습니다. 관리사무소에선 샤시가 오래되서 그렇답니다. 샤시 오래된 집에는 절대 들어가지 마세요. 집주인이 샤시 안해주면 들오가지 마세요. 못믿으시겠다면 연락처 까겠습니다. 증명 하겠습니다.
475,정자역에서 가까운게 최고 장점. 주변에 웬만한 시설 다 있어서 위치는 정말 좋습니다. 전체적으로 매우 만족스럽지만 오래된 아파트라는 점 하나만 살짝 아쉽네요. 이사오실 때 다들 공사를 한참 하십니다.
476,"위치나 환경은 좋다
집이 오래되서 재건축해야 한다"
477,"좋은점 : 
나무가 많다
마트가 주위에 많다
정자역이 가깝다
정자동이라는 네임밸류

단점:
옛날 스타일 집 구조"
478,"25년 쯤 되긴 했지만 관리도 나름 잘 되고 아파트 내 녹지도 충분함
주차는 작은 평수 동은 다소 불편할 수 있으나 전체적으로는 근처 아파트 대비 수월한 편임
정자역 쪽 대로변 길 건너면 엠코헤리츠 근처 맛있는 집도 많아서 가족과 시간 보내기도 좋음
26평 동은 정자역과도 가까워서 강남 이동 용이함
학군은 신기초 - 정자중인듯"
479,"신분당선 더블역세권, 촘촘한 도로망, 탄천뷰탄천공원, 판교직주근접 어느하나 빠질것 없는 대단지"
480,"정문쪽 동향동 저층은 어때요? 소음, 매연 노출이 심한지 궁금합니다.."
481,정자역까지 가까운 편이나 단지 위쪽 집이면 오르막길이라 꽤 시간이 걸려요
482,"정자역까지 도보5분으로 가능하고, 바로 옆에 탄천이라 조깅하고 산책할 수 있어요. 4계절 변하는 탄천의 모습을 구경하는 재미가 있습니다. 

교통은 대부분 만족하지만, 대중교통으로 여의도, 목동 이쪽으로 가기엔 좀 멀어요. 

아파트 오래된 것만 빼면 ㅠㅠ 쭈욱 살고 싶은 집이에요~ 신혼때부터 단지내에서 이사다니면서 6년 거주했습니다."
483,봄여름가을에 단지를 관통하는 길은 보고만 있어도 상쾌합니다. 탄천은 말할 것도 없고요. 지하철 역 가깝고 광역버스도 여러대 지나다녀요.
484,복도식이고 오래된거 빼면 관리잘되고 분리수거편하고 마트 좋고 역가까워 살기좋아요
485,녹물과 주차공간이 아쉽지만 녹지 충분 관리가 잘되어 좋습니다
486,너무너무살기좋아요 역이랑가깝고 탄천이있어서 매우좋음
487,"정자역 가깝고 조용하고 살기좋은 아파트입니다.
서울과 비교했을때 비싼 가격과 협소한 주차공간은 단점입니다."
488,서울 출퇴근 대중교통편이 매우 잘 되어있습니다.
489,"접근성 좋고 단지 관리 잘 되는 편이라 나쁘지 않은데 오래된 아파트라 역시 층간소음 너무 심해요
물론 어떤 이웃을 만나느냐 따라 달라지겠지만 관리인분들이 항시 계시는게 아니라서 이런 대응이 어렵네요"
490,아파트 정돈이 잘되어있고 단지내 산책로가 좋아요.
491,단지조경잘되어있고 버스도 지하철도 가깝고 정말 살기 좋았던 동네였어요!!
492,아파트 연식이 좀 있다는거 외에는 살기 너무 좋은 것 같습니다. 실거주 하시는 분들은 어느정도 인테리어한다면 만족하시고 살 것 같습니다. 물론 새아파트랑 비교하면 안되겠죠 ㅠㅠ
493,정자역 가깝고 살기조용하고 탄천 운동가기좋구 분당에서 최고의 지역입니다
494,입주자 대표가 바뀌면서 갑자기 돈 걷는 분위기. 이젠 평형별로 주차비도 차별해서 걷기로 했답니다.
495,아파트후문에서 가까운 동에 사니까 지하철 도보로 5분이면 가고 탄천가깝고 지하철 가깝고 단지내 나무 많아서 만족도가 매우높았습니다~ 다만 지하주차장이 엘베연결이 안되는점이 가장 불편했네요
496,32평 307동 동향 중층 조망 잘나오는지 도로변 소음은 어떤지 전반적인 층간소음은 어떤지 궁금합니다
497,"지금이라도 투자하면 2019년 말경쯤....최소 2억원은 상승할 수있다. 이유는 간단..저렴하기때문이다. 꼭- 잊지말고 기억해주셨으면 한다. 교통, 학원, 은행권, 편의시설, 탄천, 백화점. 스포트센터등... 모든 것을 갖춘 아파트인데. 강남 40평 초반대 비교해서, 50% 수준이며 판교의 65% 수준으로 매우 저평가 되어있다."
498,주차가 너무 힘들어 오년전 이사했습니다. 그 외는 괜찮습니다
499,"어제 정자동 행복마을 이벤트를 아파트 아래 숲길에서 했습니다. 플리마켓, 다양한 이벤트 등 정말 재미있게 보고 즐겼지요. 살기 좋은 동네 입니다."
500,"지하철과의 거리, 탄천 및 산책로, 초/중/고 학교 뭐 하나 빠질것 없는 입지"
501,"정자역이랑 가깝고 유치원, 초등고 근처에 다 있어요. 버스노선도 많고 살기 편합니다. 낡긴했지만 관리도 잘되는 편이예요. 결론은... 낡은것빼곤 다 좋아요"
502,"306동에 거주했는데 결혼으로 친정과 분가하였습니다. 정자동 지역 뿐만이 아니라 현재 거주하는 강남 보다 더 살기 좋았습니다. 울창한 나무와 공원, 교통도 편리하고 인근에 헬스 쇼핑  사우나 등 상가도 잘 되어 있어 그 곳이 그립네요."
503,주차가 저녁7시넘으면 지하 힘듦. 사람들이 휴일에도 안나가는듯.
504,정자동 대장아파트. 전체적으로 관리가 잘 되어있는 편입니다^^ 늦은 저녁에도 무리없이 주차 할 수 있어 좋아요! 단지내 상가에 큰 마트 포함해서 잘 구성되어 있구요. 단점을 꼽자면 대단지라서.. 소형평수의 경우 역에서 제일 먼곳이라ㅜㅜ 역까지 좀 많이 걸어야 하고(바쁜 아침 출근시간에는 마을버스 이용) 언덕이라 버스 소음이 꽤 있네요.
505,305동 23평 복도식 4년 거주했습니다. 대단지에 교통편리하고 좋았네요. 결혼 후 신혼을 여기서 보냈는데 전세로 2년살고 나서 집 주인분이 매수 권하셨는데 그냥 반전세로 연장해서 총 4년 살고 나온게 지금 많이 아쉽네요.
506,"교통이 진짜 편리하고, 오래됐지만 아파트 관리가 잘되고 있는 편인듯 합니다."
507,"역에서 생각보다 멀고 경사가 심한 심한편이라서 역세권이라고 하기에는 불편해요...
다리건널때 비릿내도 나고 겨울에 칼바람에 어두워서 늦으면 좀 무서워요. ㅜ"
508,"305동에서 5년 살았는데, 정말 살기좋은 동네이자 아파트네요. 정자역까지 걸을만한데 귀찮으사분은 마을버스 정거장이 바로 동 옆이라서 가깝고여~ 신분당선과 광역버스도 많아서 서울나가기도 편함.
단, 동향에 버스다니는 차로가 옆이라 베란다 열면 소음은 조금 있어요."
509,살기는 무지 좋습니다. 서울보다는 못하겠지만요
510,"서울 출퇴근은 쉽지는 않지만, 거주에는 더할나위 없이 좋습니다."
511,정자역에서 걸어다니기 좋고  ****-****-**** 타면 서울 어지간한 곳은 다 갈 수 있어요. 단지 내 정동마트가 있어 간단한 물건 사기에 좋아요.
512,"정자우성아파트 바로 옆에 있는 리모델링 시범단지로 선정된 정자동 한솔마을 주공5단지(1천156가구), 정자동 느티마을 3단지(770가구), 정자동 느티마을 4단지(1천6가구)가 리모델링 공사 들어가면 우성아파트에 몇년동안 먼지가 엄청날듯 합니다. 공사가 언제 시작되고 몇년이 걸릴까요?"
513,교통좋고 유해환경 없어 학생있는 집에게 좋습니다.
514,"분당에서 단지관리가 잘되는 아파트 중 하나입니다.
주차공간도 넓고, 조용하고 소독도 철저해서 벌레도 없습니다.
관리비도 나와있는 금액 그대로입니다.
분리수거는 요일지정없이 아무때나 가능해요"
515,단지내 이동로가 산책코스처럼 멋집니다. 정자역까지 탄천뷰를 보면서 걸어갈수 있어 너무 좋습니다.
516,사람이 사는 동네. 마실이 즐거운 동네인 것 같아요. 현관문 교체가 있었음 좋겠는데...
517,"피트니스센터 마트 카페등 편의시설이 메우가깝고 지하철역까지 가는길도 큰 길 없이 공원을통해 접근할수있습니다.
단지내 다소 경사가 있는점이 굳이 꼽자면 유일한 단점"
518,대단지고 오래된 아파트임에도 관리가 잘되어 깔끔합니다. 지하주차장이 있긴하나 좁아서 지상에 주차해야하는 점은 불편한 점입니다.
519,신혼부부 살기에 정말 좋습니다. 집이낡은거빼고는 최고의 거주지인듯여 ㅋㅋ
520,"지하철. 버스 교통 좋음
정자역에서 가장 가까운 대규모 공동주택단지
탄천 이용 쉽고 조용하고 살기좋음"
521,정자역이 가까워 신분당선이용이 편함
522,"강남(대치 24억) 대비 50%, 판교역 대우그랑블(43평-19억) 대비65% 수준의 매우 저평가된 아파트. 거주나 투자도 좋다. 편의시설, 은행 5개, 교통(버스, 지하철 5분거리) 초역세권 정자동 랜드마크다"
523,"서울 가는 버스가 많고 버스정류장과 지하철역이 가깝습니다 신분당선역이용하면 강남이나 양재는 30분도 안걸려요
탄천도 가까이 있고 교통 편의시설 모두 좋습니다"
524,"교통편하고 살기 좋고 편의점등 시설 좋습니다.
다만 주차가 헬 ㅠㅠ"
525,"- 오래된 아파트인데 딱히 나쁜 정도는 아님. 녹물 배관 고친뒤로는 녹물도 안 나오는 것 같음
- 유치원 초등 중학교까지 가까이 있어 아이들 키우기 좋은 편. 여름에 아이들 데리고 탄천 물놀이장 가기 좋음
- 주차장은 일부 동을 빼고는 주차에 어려움 없는 편. 지하주차장에 엘리베이터가 연결 안 된 것은 아쉬움
- 지하철역에서 가깝고, 제일 먼 쪽도 보통 마을버스로 바로 가기때문에 편리함
- 강남 접근성 good, 종로 잠실 정도는 ok, 타 지역은...
- 은근히 경사가 있음. 처음에 왔을 때 왔다갔다 하기 의외로 힘들더군요"
526,갑자기 9억 7천은 뭘까요;; 후덜덜
527,"찜질방, 헬스클럽, 병원, 카페, 음식점, 마트 등 모든 편의시설이 도보로 5분내에 있고 버스도 5분내 전철도 7분내의 거리에 있어 매우 편리한 위치에 있음 강추!!"
528,살긴 좋지만 아파트가 노후한건 사실이에요
529,가까운 곳에 탄천이 있어 산책하기 좋고 신분당선과도 가까워 교통이 편리합니다.
530,"쾌적해요. 큰평수동은 주차난도 없어요.
관리가 너무 잘되는 아파트입니다~!"
531,"상록마을 살고 싶은데 
가장 큰 장점과 단점이 무엇인지 궁금합니다"
532,혹시 층간 소음은 어느 정도 인가요?
533,동네가 조용하고 나무도 많아서 쾌적합니다. 오래된 아파트지만 이제 녹물도 안나오고 살기에 좋네요~
534,"주관적 감정을 배제하더라도 교통부터 생활 인프라
녹지까지 최고예요. 주차공간이 많아지면 더 좋겠지만요."
535,"교통편, 아파트상태, 관리 모두 좋습니다. 구도도 좋아 동일 평수기준으로 넓은 느낌입니다. 그만큼 동일평수 기준으로 가격도 셉니다."
536,전철가깝고 상록수 우거져있고 산가까이 있고 좋아요
537,"위치가 너무 좋습니다. 정자역 도보 5분이고 회사 셔틀들도 정자역 부근 혹은 상록마을 우성아파트 정문으로 다니기 때문에 어디 가기엔 최적화 되어 있습니다. 또 바로앞 탄천뷰가 너무 좋고, 여름에 탄천에 아동용 풀도 열려서 여기도 활용할 수 있습니다. 또 길건너면 정자동 까페거리가 5분입니다. 모든게 다 있는곳이라 만족합니다 ㅎㅎ"
538,학군도 그닥인데 22평이 6억이 넘게 호가를 부르다니 ㅎㄷㄷ 잡는 사람 호구일듯... ㅎㅎ
539,관리가 정말 잘 되어있는 동네에요. 느티 리모델링 후에도 더 기대되는 단지입니다.
540,정말 좋은 단지입니다. 주차장이 조금만 여유있으면 더 바랄것이 없는 곳이죠
541,단지 관리가 잘 되고 역 근처라 살기 정말 편한 곳입니다. 비싼 것만 아니면 계속 살고 싶은 곳입니다.
542,교통 편의시설등 인프라가 너무 만족스럽습니다. 아이들키우기도 좋고 오래된아파트이지만 비싼 이유가있는거같아요
543,"살기좋아요~ 대형평수중심이라 작은평수는 길가 중심이라 아쉽지만 정자역 가깝고 버스도 많고 마트 스벅 가깝고 오래되도 다른 아파트보다 단지가 깨끗하게 관리가 잘되요, 무엇보다 재활용 매일 버릴 수 있는게 굿! 분당 다른 아파트보다 주차공간은 그나마 덜 지옥... ㅋㅋ"
544,"교통, 공원, 백화점, 편의시설등 다 갖추고 있다.
오래된 거와 비싼거빼면 만점.."
545,"정자역 초역세권이라 입지는 최고죠
아파트나이만큼 입주민도 같이 늙어가겠죠"
546,"정자역 더블 역세권, 학세권, 탄천변, 학원가, 주변 대기업 수요, 교양있어 보이는 주민분들 등 무엇 하나 모자란게 없는 것 같아요.

판교테크노밸리 및 정자동에 향후 추가 대기업 입주 등 앞으로 실현될 호재도 많아 수요도 더 많아 질 것 같습니다.

재건축(또는 리모델링)후가 더욱 기대되는 상록우성입니다."
547,정자역 역세권에 단지간 간격도 넓어서 쾌적한 편입니다. 단 끝동이라면 고려해봄직할듯...
548,"아파트가 좀 오래된 것 말고는
거주성, 편의성 모두 경기도 탑클래스입니다.

아파트가 오래되서 녹물 나온다고 하시는 분들 있는데 몇년 전에 (5년 안쪽??) 수도관 싹 교체하면서 녹물 거의 없다고 들었어요. 제가 2년째 살면서 아직 녹물 한번도 본 적 없습니다."
549,"일단 입지가 좋습니다 버스 지하철 이용이 편리하구요
길 건너면 마트 병원 운동센터 이용 용이하고 
학교 가깝습니다"
550,"6년전 거주시 만족스러웠습니다.
교통 환경 조경 만족해요"
551,최고의 입지환경!!! 강남 출퇴근 편리하고 빠르고 지하철역이랑도 매우 가까워요~ 마트도 골라서 갈수있고 탄천만 건너면 바로 학원가 상가 밀집지역이라 편리성과 조용한 주거환경 모두를 갖췄습니다.
552,"위치 최고에요 배달 안돼는것도 없고 정남향 동 고르면 하루종일 집이 따뜻해요. 
전철역까지 가는길은 거의 산책로고 뒷문으로 가면 109번 타고도 금방 가요
다만 전철에서 집에올때 아주약간조금 오르막이라 버스타게되네요"
553,"관리비. 난방비가 저렴하고 조용해서 좋았고
근처 병원 학교등 시설이 편리해서 좋았음"
554,교통 탁월하고 교육 학원 탄천  환경 뭐 하나 빠지는게 없네요
555,"정자역 가깝고, 산책로 등, 단지 관리 잘 되어 있습니다.
소형 평수라 주차 걱정했는데 스트레스 받는 일 거의 없네요.
만족하며 살고 있습니다."
556,매물이 11억 헉~~ 위치로는 최상인 곳~~ 11억이상에 거래가 될지 궁금하네요 허허
557,서울 강남외 지역으로 출퇴근은 어떤가요? 서울 접근성이 궁금합니다
558,"아파트가 낡고 오르막이 심하지만
주변 상권발달이 잘되어있고 교통이좋아요
매입은 고민되지만... 전세로 살기에는좋아요"
559,"만 4년 거주했는데, 살면 살수록 좋은 동네입니다.
대중교통, 도로 모두좋고,
학교, 학원, 마트, 인적 인프라좋고,
탄천을 즐길 수있고,
탄천 너머 번화함이 편리한데, 적당이 떨어져있어 초등아이 키우는데도 바람직합니다.
동네주민들 수준이 높고, 주차도 수월하고,
관리 잘되고, 나무들 우거지고, 중간의 숲길같은 인도는 어찌나 이쁜지요,
우리아파트 최고!"
560,교통이 너무 편하고 관리가 잘 되고있는 단지입니다. 입주민들 수준 높고  어린이집 및 초중고 외에 학원가와  상가 다 가까와 살기 좋습니다.
561,주변 대비 주차공간 넓어 맘에들고 중학교 가깝고 신분당선 가까워 출퇴근도 좋습니다.
562,"탄천가깝고 지하철역 접근성좋습니다. 학군도  무난한편이고 이마트, 정동마트, 자연드림등 모두도보로  장보기좋고  병원, 은행, 스포츠센터도 가까워  살기좋아요."
563,"오래된아파트입니다.
정자역 접근성은 좋은데 마트는 정동마트가 있는 정문근처 아파트만 가깝고 아파트가 대단지이다보니 후문쪽은 마트접근성이 상대적으로 멉니다.
편의점을 갈려고해두 정자역 너머 가야해서 아쉬운부분이 있네요"
564,"저평수대면 굳이 여기 살 필요가 있나싶습니다. 정자역에서
 걸어다니기 힘들어요. 도보 15분, 그리고 오르막길입니다."
565,조용한 단지내 산책로 편리한 교통과 편의시설
566,산책공원로가 가장 좋고 아이들 키우기 좋아요 오래된 아파트치고 관리도 잘되구요
567,"최고의 위치, 최고의 환경, 정말 이런 동네 찾기 어렵죠"
568,"어떤말이 더 필요할까요.. 입지깡패 이거 하나로 게임 끝이죠
아직도 저평가 입니다. 정말 살기좋은곳 입니다."
569,305동 거주자입니다. 정동마트가깝고 정문에서 강남까지 가는 좌석버스들이 5분 간격으로 계속 옵니다.. 후문쪽으로 나가면 신분당선 탈 수 있고 여러모로 교통편리하고 좋아요. 단 주차공간이 살짝 모자라는 느낌이 들지만 그건 다른 낡은 아파트들도 마찬가지라.. 그 외엔 모두 만족합니다
570,탄천이랑 가깝고 지하철이 가까워 생활권이 상당이 좋습니다. 아파트앞 도로도 차가 많이 다니지않고 속도를 많이 내지 못하여 시끄럽지않고 상당히 좋습니다 이상 325동이였습니다
571,역 가깝고 버스도 많고 교통과 탄천조합은 아주 좋습니다 단점은 정문쪽말고 후문쪽은 가까운 슈퍼가 없다는점?
572,"장점이많은 아파트에요 역가깝고 대단지 무엇보다 나무가 정말많고 숲속에사는 기분입니다
단점은 단지안에 언덕이많아요.유모차가 살짝 버거움."
573,교통편리하고 아파트 단지관리도 잘되고 살기 좋아요
574,"단점: 아파트가 오래됨(구조가 안 좋음). 주차공간 부족. 주차 공간 폭이 좁음(아파트에 차들은 대부분 커서 더 문제).

장점: 이거 빼면 딱히 단점은 없음."
575,교통이 편리하고 남향집이 많아서 햇살이 잘들어 와요. 그라고 탄천이 옆에 있어서 산책하기 좋아요.
576,"역세권,오래된 아파트지만 지하주차장이 있어 주차가 용이한곳
최근 스타벅스 입점으로 스세권까지"
577,"지하철 역과 가깝고 단지 조성이 잘 되어있어서 생활하기 편리합니다.
아파트가 오래 되었고 지하 주차장이 연결이 되어있지 않아서 조금 불편합니다."
578,후문 상가에 편의점만 하나 있으면 더할나위 없이 좋을것 같아요!
579,정자역이 가깝고 시내버스 운행차량이 많아 교통은 정말편해요. 나무가 많고 생활은 편리 하지만 오래된 아파트라 외형적인 부분은 감수해야됨
580,아파트 관리도 잘 되어있고 편의시설이나 교통도 잘 갖춰져 있고 살기 편하고 좋아요 오래되서 지하주차장 없는것만 빼곤 만족합니다
581,단지 가운데를 가로자르는 숲 수준으로 울창한 단지 산책길. 단지 밖에서 바로 걸어나가는 탄천에서 여름에는 탄천수영장을 운영해서 아이들 놀리기 너무 좋아요. 옆단지 느티마을 라모델링이 끝나면 중학교 학군도 수내 못지않게 좋아지리라 생각합니다.
582,"단지 내 초등학교 중학교 있으며, 더블역세권으로 교통 또한 편리합니다."
583,조경이 좋고 무엇보다도 신분당선이 연결되어 있어 강남까지의 접근도 뛰어나서 좋습니다
584,"1.교통-정자역세권 일반아파트중에선 최고입지 입니다 
2.주거환경-연식이 좀오래되서 낡은감은 있지만 단지조경이 그만큼 무르익어서 한참때는 숲속에있는듯한 느낌입니다
3.겨울에는 관리비가 좀 많이 나오는듯함
4.단지입구앞 종합스포츠센타가있어(수영장,사우나,골프,등등)넘 편리합니다"
585,"역 가깝고 조용하고 교통 편하고
신기초 정자중 가깝고 탄천 가까워 운동하기좋고 
이웃주민들도 좋고 참 좋습니다."
586,"지하철역이 가깝고 탄천도 바로 붙어있고 단지 안에도 산책길이 있어서 산책하기가 좋습니다. 소형평수부터 대형평수까지 있어서 세대 구성원들이 다양한 편이며, 단지가 대체로 조용하고 깨끗합니다. 학원가도 가까우며 단지 내 초등학교와 중학교가 있어서 아이들 통학하는 것도 좋습니다. 주차는 같이 쓰는 동이 몇개냐에 따라 동마다 편차가 조금 있는 편이지만 어렵지는 않습니다."
587,"강건너 정자역 아파트 중에서는 단연 최고죠
다만 고질적인 주차공간 부족, 층간소음은 분당 전지역이 가지고 있는 문제라 어쩔수 없군요"
588,단지가 넓고 탄천 가까우나 주차공간 부족
589,정말 다 좋은데 세대수가 많은 303동과 305동 앞 주차장은 늘 붐비네요..
590,언덕깍아 만든지형이라 불편한점이 있음 하지만 조경이 잘되있고 주변 편의시설들이 잘 갖추어져있음 주상복합쪽을 제외하면 느티마을과함께 가장 지하철역에 가까움 또한 일반 및 광역버스 많아서 교통도 좋은편
591,나무가 울창해 상록하이드파크라 부르고 있어요
592,"강남20분거리, 사통팔달 교통편리하고 교육여건좋습니다."
593,역 가깝고 단지내 유치원 선생님들도 너무 좋고 동네 정겹고 좋습니다.
594,"아파트는 좀 낡았지만 단지 관리 잘 되어있고 탄천, 지하철 접근성 너무 좋아요~"
595,"아파트가 오래 된 것 말고는
관리 잘 되어 있고 위치 좋습니다
아파트 사이 길이 너무 예뻐요."
596,"303동에 2년 거주했습니다 
개인적으로 상록우성 주변 편의는
1) 교통 편리 (광역버스/ 지하철)
2) 주변에 유해시설 없음
3) 나무가 많다

집 자체
1) 오래된 집에 비해 비교적 잘되어있는 인프라
2) 현관 공동 문
3) 배관교체로 녹물 없음
4) 문열면 통풍왕

나머지 단점들은 위장점들이 커버할 수 있다 생각헙니다 (주차가 어렵지만 이전에 더 심한 아파트에 있어서 전 나름 만족 합니다)"
597,"38평에 3년 거주했습니다.  오래된 점을 감안했을 때 구조, 통풍, 난방 등은 양호합니다.  수납공간이 부족해서 면적을 다 활용하지 못하는 점은 아쉬웠습니다.  조용하고 주변에 음식점 타운이나 상가들이 있어서 생활하기에 불편함이 없었습니다..  단지가 커서 서쪽은 정자역, 동쪽은 광역버스 정류장에 가까운데, 반대로 이용하려면 다소 멉니다.  주차는 과밀한 상태였는데 요즘엔 입주민만 출입을 허용하기 때문에 많이 나아졌다고 하네요.  투자목적으론 잘 모르겠지만 실거주 목적으론 전반적으로 양호하다고 생각합니다."
598,"역세권이고, 나무 많고, 정자동 학원 가깝고 최고에요."
599,나무가 많아서 산책하기 좋고 교통이 편리해요
600,"정자역,광역버스 교통 최고
탄천+단지 내 산책길 좋아요
초중학교도 단지 내에 있어요
녹물은 가끔 세대별로 다른 거 같은데 작년에 단지에 전체 배관 공사 끝냈어요
지하주차장이 점점 부족해지고 있고.. 수내쪽보다는 중고등학교 학군이 약하다는 단점 정도? 빼고는 모두 만족했었어요"
601,"분당 처음 생겼을때부터 살아서 20년 넘게 살았는데 차량 주차도 주변 다른 아파트에 비해 세대별 주차가능 대수도 괜찮고 지하철이나 버스 같은 교통편리하고 탄천 등 녹지 잘되어있어 산책하기도 좋고 초,중,고등학교도 인접해 있어서 좋습니다."
602,나무가 많아요. 주변 단지에서 제일 관리도 잘 되고 있고요. 주차 공간은 아주 넉넉하진 않아도 불편하진 않아요. 정자역 도보5~10분. 단지내 정문 상가에 정동마트 있어서 너무 편해요.
603,단지 내 조용하고 지하철역이 가까워 살기 매우 좋음. 다만 지하주차 공간이 협소한 편임.
604,"비록 오래되었지만 모든게 다 갖추어진 단지임
특히 교통이 상당히 편리하며 큰 회사가 많아 상가들이 잘 구성되어 있음"
605,"신분당선, 분당선, 광역버스 이용이 편리해요"
606,"노후화된 아파트, 층간소음 심함. 정자역에 가까워 교통은 만족"
607,"단지가 조용하고 깨끗한게 관리가 잘되어서
오래된 아파트 치고는 좋습니다."
608,"교통, 상권, 학군 인프라 만족합니다."
609,"주차공간도 상대적으로 부족하지 않고
지하철, 버스, 상권, 학교 등이 가까워
입지가 좋습니다"
610,"30평대 중간층 살았고요 주차는 지하주차안되더라도 지상주차가 가능해서 편한편이었고요 정문 입구 바로 옆 상가지하에 꽤 큰 정동마트가 있어 편하게 이용했어요 
학군은 정자역 방향으로 블록내에 신기초등학교 정자중학교가 서로 마주보고 있고 유치원도 단지내 희언유치원과 건너편 느티나무마을 단지에 안촌유치원이 유명해요 위에 언급한 곳들은 모두 찻길 안건너고 모두 이용가능한 곳들이에요 
분리수거는 동마다 지상주차장쪽 한구석에 여유있게 수거하는곳이 있고 음식물쓰레기통도 있어요
소음도 서로 조심하는 분위기라 이전 살았던 강남이나 반포대비 편하게 지내고 있고요
분당이마트는 차로 3분이내이고 오리역 홈플러스나 판교 롯데마트도 가깝고 광교이마트도 차로 30분내 가고 있어요
세대수가 많아서인지 관리비도 연평균으로 치면 매월 내는 관리비가 평당 만원이 안되고요"
611,주차 빼고는 살기 좋습니다. 적절한 위치에 시설 다 있구요. 파이프 교환으로 녹물 없구요. 길가는 좀 먼지가 있지만 교통량이 많지 않아 무리 없어요.
612,"지하철역과 광역버스 정류장과 가까이에 있고 마트나 백화점도 근방에 있습니다.
초등 중등학교가 단지내에 있어 애들 키우기에 좋으나 학생수가 계속 줄어들고 있다고 합니다."
613,관리가 잘되고 주차도 편합니다. 아파트가 끼고있는 공원은 너무 좋져. 용적률때문에 노후화 이후는 좀 걱정이고 중등학군이 좀 별루란게 단점이죠
614,교통과 교육으로 더할나위 없고 조용한 단지입니다.
615,"장점 : 교통, 단지 관리, 탄천, 마트
단점 : 단지내에 고저차, 교육 약간 아쉬움, 오래된 아파트"
616,탄천이랑 정자역이 가까워서 너무 좋아요!
617,오래되었지만 관리가 잘 되서 별로 불편함이 없어 좋아요.. 난방비도 매우 낮은편이구요 전체적으로 만족
618,"단지도 크고 정자역도 가깝고 탄천도 가깝고 위치는 좋아요~
단지안에 초.중학교 다 있고 산책길도 너무 좋아여
아파트 오래된거랑 지상주차는 좀 흠이긴 한데 그건 분당 전체가 그러니 ㅠㅠ"
619,"살기 좋아요 교통편도 좋고
단점이라면 하수관이 좁은거?아아아주 가끔 부엌에 이슈가 생길때가 있어요"
620,"녹음이 우거진 멋진 주거 환경이에요
집은 좀 낡아서 올수리 해야 하지만요"
621,"지은지 오래된 것 빼곤 위치, 교통, 편의시설 등 모두 최고예요! 단지 내 조경도 잘 되어 있고 관리상태두 좋아요."
622,"오래된 아파트지만 관리가 잘된 아파트입니다.
제 경우에는 층간소음이 없었고, 해가 잘들어서 겨울에도 비교적 따뜻하게 생활하였습니다.
출근할때 정자역까지 걸어서 5분이고, 탄천 덕에 전망도 좋지만 아파트 단지 환경도 이쁘게 잘 꾸며져있습니다."
623,"정자역과의 거리도 적당한 편에 초, 중학교 품고 있어서 아이 키우기도 무난하고, 강남이나 광화문쪽 접근 위한 광역버스 정류장도 이용하기가 좋아요. 굉장한 대단지에 관리도 주변 타단지보다 잘 되고 있으며, 단지 내 조경이 아름답습니다."
624,"교통최고 탄천최고
자연환경이 너무좋은 상록우성
주변도 고급스럽고
학군도좋아요"
625,"더블역세권 정자역까지 걸어서 5분, 탄천 산책하기 좋구, 단지내 초등학교, 중학교 있으며, 산책로가 아주 잘 되어 있어요, 입지가 넘 좋아요. 아주 만족하며 살고 있어요~"
626,여기 배관공사는 했나요? 녹물나오는지 궁금해요~!
627,"정자역 바로 옆 대단지여서 편하고, 단지는 조용하고 아늑한 분위기입니다"
628,"지하철역 가깝고 좋습니다.. 길하나 건너면 좋은 레스토랑도 많고요..
하지만 길건너 유흥가가 너무 많네요(-1점)"
629,"주차장 : (동마다 편차가 있으나) 분당 평균 이상 - 좋은 자릴 잡으려면 좀 일찍 퇴근해야하지만, 실외라든지 동에서 먼 위치 등 까지 생각한다면, 새벽에도 단지 내에 자리는 충분함"
630,"신분당선 정자역 여자걸음 도보 10분
단지 바로 앞 서울 나가는 광역버스 다수
주차공간이 조금 부족합니다."
631,오래된 것 제외하고는 교통이나 편의 모두 만족스러워요. 단지 관리상태도 나쁘지 않아요
632,전철역과 푸른 녹지공원이 장점이죠
633,살기좋아요~
634,22평 실거주 후기 궁금해요
635,322동 앞에 엑센트 QM6 진짜 이중주차좀 그만하시죠 주차 자리도있는데 다른 사람들 불편하게 뭐하는지...참  본인만 편하면 되는건가 제발 생각들좀 하고 배려하면서 삽시다 QM6 엑센트...
636,모든 면에서 살기 좋습니다
637,살기 좋아요
638,주차제외 살기좋아요
639,교통 주거 일자리 인프라
640,좋아요
641,최고의 입지
642,교통이 아주 편리합니다.
643,아이 키우며 살기 좋은 곳이에요 ~
644,입지짱
645,"싸다 싸
저평가 구간"
646,관심있어요
647,교통좋고 단지내 산책길 최고지요^^
648,궁금해요
649,버거킹이 가까워서 좋아요
650,26평 15억……와우…!
651,탄천과 정자역이 가까워 좋습니다.
652,교통 좋고 살기 너무 좋아요
653,상록마을 학군이 궁금합니다
654,살기 너무 좋아요
655,산책로도 좋고 실거주에 너무 좋아요
656,7개월만에 거래되네요….
657,여기리모추진하나요?
658,조용하고 교통이 편해요
659,"역세권, 준수한 학군"
660,너무 좋아요 진짜
661,지하철가깝고 탄천가까워좋음
662,조용합니다
663,31평 실거래값
664,역이랑 가깝고 조용하고 살기좋아요
665,역세권 초품아 스세권 콤ㅂㆍㄷ
666,주변상권이 가장좋고 교통도 편리
667,단지내 산책길이 너무 예뻐요.
668,.
669,동네 너무 좋아요~~
670,정자역도 가깝고 살기좋습니다~!
671,정자역 최대역세권이죠
672,살기정말편함
673,좋아요
674,상록우성 삶의 질이 좋습니다.
675,산책로 예쁘고 좋습니다
676,교육 교통 매우 좋습니다
677,소소한 식빵 맛있습니다~
678,위치 좋네요
679,역세권에 조경관리가 잘 되어있습니다
680,여기는 재건축인가요 리모델링인가요?
681,정자동에서 위치
682,살기 좋았어요 ~
683,로얄동이 몇동이에요?
684,조용하고 살기 좋아요
685,"갭투 good  
로또된기분"
686,너무 살기 좋아요!
687,주변에 학원가가 많나요?
688,역 가깝고 초품아 좋아요
689,살기좋음
690,좋습니다 오래살았구요 교통 좋아요
691,대단지. 정자역 가깝고 쾌적.
692,조항요 녹물익어요
693,살아보니 정말 좋은 아파트 입니다
694,입지 좋은 대단지 아파트!
695,나무가 울창해염
696,교통좋아요!
697,보통입니다.
698,역이 가까워서 좋아요
699,입지가 좋아요~~
700,두말할 필요없이 분당 대장이죠
701,"교통, 주변여건이 아주좋습니다"
702,'
703,살기좋아요
704,완전 좋아요
705,아이 키우기에 좋은 환경 대단지
706,재건축은 안 하나요?
707,재건축 또는 리모델링 언제 하나요?
708,아주조아요
709,그냥 보통이네요
710,우성 or 파크뷰 고민되네요
711,교통은 어디내놔도1등!
712,상권이 가까워 좋습니다
713,학군은 어떤가요?
714,탑층 엘리베이터 소음있을까요?ㅠ
715,진짜 가격이 이해가 안된다ㅋㅋㅋㅋ
716,정자역 가까움
717,교통굳 단지 평화롭고 좋다
718,교통 편리하고 살기 좋습니다.
719,편의시설은좋은동네입니다
720,정자역 가까워서 좋아요
721,주변 인프라가 좋습니다
722,가격은 어느정도되나요?
723,좋아요
724,나무랄곳없는 동네
725,맞벌이 어린이집 추천 부탁드려요
726,주차공간 협소했던 기억이...
727,교통이좋습니다 정자동 최고의 입지
728,베리굿 시원해요
729,살기 넘 좋아요
730,살기 좋은 동네
731,주변이 쾌적하고 살기 좋습니다
732,역세권이고 자연친화적이에요
733,살기좋습니다
734,ㅇㅇ
735,여기어때요?
736,"교통, 편의시설이 최고예요"
737,옛날아파트라 별로에여
738,"교통도 편하고, 살기는 좋아요!"
739,주변 걷기가 좋아요
740,살기 좋은곳입니다 조용하고
741,너무 좋아요
742,위치가 정말 좋음
743,살만한듯해서요.
744,아기 키우면서 살기 좋아요
745,공원같은 아파트에요
746,정말 살기좋고 위치좋아요
747,역세권에 살기좋고 연식도 좋음
748,학교 가깝고 조용합니다.
749,정자동 최고의 단지죠
750,살기 좋아요
751,좋음
752,좋아요 ㅎㅎ
753,교통이 좋아 살기 편해요
754,교통이 편리해서 좋아요
755,주차가 너무 불편해요 ㅠㅠ
756,교통편리하고 쾌적합니다.
757,20
758,층간소음 빼면 최고입니다
759,궁금
760,동파문제는 없나요?
761,조용하고 좋습니다
762,살기편할것같아 보고있는중임
763,ㅁ
764,교통좋아요
765,교통 좋아요
766,좋아요
767,위치좋아요
768,아기 키우기에 참 좋은 동네에요
769,살아보고 싶네요.
770,주변아파트들 중에서 최고의 환경
771,ㅣㅣㅣㅣㅣㅣ
772,단지 분위기 좋습니다
773,위치가 넘나 좋아요
774,오래된 점 말고는 괜찮아요
775,살기좋아요
776,.
777,지하철 가깝고 좋아요
778,초중고가 다 200미터 안
779,교통조건과편안한환경이역시매력이에요
780,교통이 좋음
781,정자역이랑 가까워서 정말 편리해요.
782,좋아요
783,.
784,위치가 너무 좋아요~~
785,좋아요
